
> my-car-rental-app@1.0.0 android
> expo run:android

env: load .env
env: export EXPO_PUBLIC_API_URL EXPO_PUBLIC_SERVER_IP EXPO_PUBLIC_SERVER_PORT EXPO_PUBLIC_GOOGLE_MAPS_API_KEY EXPO_PUBLIC_GOOGLE_WEB_CLIENT_ID EXPO_PUBLIC_LOCATION_INTERVAL_MS EXPO_PUBLIC_LOCATION_DISTANCE_M
ΓÇ║ Building app...
Configuration on demand is an incubating feature.
> Task :expo-gradle-plugin:expo-autolinking-settings-plugin:checkKotlinGradlePluginConfigurationErrors SKIPPED
> Task :expo-gradle-plugin:expo-autolinking-plugin-shared:checkKotlinGradlePluginConfigurationErrors SKIPPED
> Task :gradle-plugin:shared:checkKotlinGradlePluginConfigurationErrors SKIPPED
> Task :gradle-plugin:settings-plugin:checkKotlinGradlePluginConfigurationErrors SKIPPED
> Task :gradle-plugin:settings-plugin:pluginDescriptors UP-TO-DATE
> Task :expo-gradle-plugin:expo-autolinking-settings-plugin:pluginDescriptors UP-TO-DATE
> Task :expo-gradle-plugin:expo-autolinking-settings-plugin:processResources UP-TO-DATE
> Task :gradle-plugin:settings-plugin:processResources UP-TO-DATE
> Task :gradle-plugin:shared:compileKotlin UP-TO-DATE
> Task :expo-gradle-plugin:expo-autolinking-plugin-shared:compileKotlin UP-TO-DATE
> Task :gradle-plugin:shared:compileJava NO-SOURCE
> Task :gradle-plugin:shared:processResources NO-SOURCE
> Task :expo-gradle-plugin:expo-autolinking-plugin-shared:compileJava NO-SOURCE
> Task :gradle-plugin:shared:classes UP-TO-DATE
> Task :expo-gradle-plugin:expo-autolinking-plugin-shared:processResources NO-SOURCE
> Task :expo-gradle-plugin:expo-autolinking-plugin-shared:classes UP-TO-DATE
> Task :gradle-plugin:shared:jar UP-TO-DATE
> Task :expo-gradle-plugin:expo-autolinking-plugin-shared:jar UP-TO-DATE
> Task :gradle-plugin:settings-plugin:compileKotlin UP-TO-DATE
> Task :gradle-plugin:settings-plugin:compileJava NO-SOURCE
> Task :gradle-plugin:settings-plugin:classes UP-TO-DATE
> Task :gradle-plugin:settings-plugin:jar UP-TO-DATE
> Task :expo-gradle-plugin:expo-autolinking-settings-plugin:compileKotlin UP-TO-DATE
> Task :expo-gradle-plugin:expo-autolinking-settings-plugin:compileJava NO-SOURCE
> Task :expo-gradle-plugin:expo-autolinking-settings-plugin:classes UP-TO-DATE
> Task :expo-gradle-plugin:expo-autolinking-settings-plugin:jar UP-TO-DATE
> Task :gradle-plugin:react-native-gradle-plugin:checkKotlinGradlePluginConfigurationErrors SKIPPED
> Task :expo-gradle-plugin:expo-autolinking-plugin:checkKotlinGradlePluginConfigurationErrors SKIPPED
> Task :expo-module-gradle-plugin:checkKotlinGradlePluginConfigurationErrors SKIPPED
> Task :expo-module-gradle-plugin:pluginDescriptors UP-TO-DATE
> Task :expo-module-gradle-plugin:processResources UP-TO-DATE
> Task :gradle-plugin:react-native-gradle-plugin:compileKotlin UP-TO-DATE
> Task :gradle-plugin:react-native-gradle-plugin:compileJava NO-SOURCE
> Task :expo-gradle-plugin:expo-autolinking-plugin:compileKotlin UP-TO-DATE
> Task :gradle-plugin:react-native-gradle-plugin:pluginDescriptors UP-TO-DATE
> Task :gradle-plugin:react-native-gradle-plugin:processResources UP-TO-DATE
> Task :expo-gradle-plugin:expo-autolinking-plugin:compileJava NO-SOURCE
> Task :gradle-plugin:react-native-gradle-plugin:classes UP-TO-DATE
> Task :expo-gradle-plugin:expo-autolinking-plugin:pluginDescriptors UP-TO-DATE
> Task :expo-gradle-plugin:expo-autolinking-plugin:processResources UP-TO-DATE
> Task :expo-gradle-plugin:expo-autolinking-plugin:classes UP-TO-DATE
> Task :gradle-plugin:react-native-gradle-plugin:jar UP-TO-DATE
> Task :expo-gradle-plugin:expo-autolinking-plugin:jar UP-TO-DATE
> Task :expo-module-gradle-plugin:compileKotlin UP-TO-DATE
> Task :expo-module-gradle-plugin:compileJava NO-SOURCE
> Task :expo-module-gradle-plugin:classes UP-TO-DATE
> Task :expo-module-gradle-plugin:jar UP-TO-DATE

> Configure project :
[32m[ExpoRootProject][0m Using the following versions:
  - buildTools:  [32m36.0.0[0m
  - minSdk:      [32m24[0m
  - compileSdk:  [32m36[0m
  - targetSdk:   [32m36[0m
  - ndk:         [32m27.1.12297006[0m
  - kotlin:      [32m2.1.20[0m
  - ksp:         [32m2.1.20-2.0.1[0m

> Configure project :expo

Using expo modules
  - [32mexpo-constants[0m (18.0.13)
  - [32mexpo-modules-core[0m (3.0.29)
  - [33m[?][0m [32mexpo-asset[0m (12.0.12)
  - [33m[?][0m [32mexpo-blur[0m (15.0.8)
  - [33m[?][0m [32mexpo-camera[0m (17.0.10)
  - [33m[?][0m [32mexpo-file-system[0m (19.0.21)
  - [33m[?][0m [32mexpo-font[0m (14.0.11)
  - [33m[?][0m [32mexpo-haptics[0m (15.0.8)
  - [33m[?][0m [32mexpo-image-loader[0m (6.0.0)
  - [33m[?][0m [32mexpo-image-picker[0m (17.0.10)
  - [33m[?][0m [32mexpo-intent-launcher[0m (13.0.8)
  - [33m[?][0m [32mexpo-keep-awake[0m (15.0.8)
  - [33m[?][0m [32mexpo-linear-gradient[0m (15.0.8)
  - [33m[?][0m [32mexpo-linking[0m (8.0.11)
  - [33m[?][0m [32mexpo-location[0m (19.0.8)
  - [33m[?][0m [32mexpo-secure-store[0m (15.0.8)
  - [33m[?][0m [32mexpo-sharing[0m (14.0.8)
  - [33m[?][0m [32mexpo-splash-screen[0m (31.0.13)
  - [33m[?][0m [32mexpo-task-manager[0m (14.0.9)
  - [33m[?][0m [32mexpo-web-browser[0m (15.0.10)
  - [33m[?][0m [32munimodules-app-loader[0m (6.0.8)


> Task :react-native-maps:preBuild UP-TO-DATE
> Task :react-native-maps:preDebugBuild UP-TO-DATE
> Task :expo-modules-core:preBuild UP-TO-DATE
> Task :expo-modules-core:preDebugBuild UP-TO-DATE
> Task :react-native-maps:writeDebugAarMetadata
> Task :expo-modules-core:writeDebugAarMetadata
> Task :expo-modules-core:generateDebugResValues FROM-CACHE
> Task :app:generateAutolinkingNewArchitectureFiles
> Task :app:generateAutolinkingPackageList
> Task :app:generateCodegenSchemaFromJavaScript SKIPPED
> Task :app:generateCodegenArtifactsFromSchema SKIPPED
> Task :expo-modules-core:generateDebugResources FROM-CACHE
> Task :app:generateReactNativeEntryPoint
> Task :app:preBuild
> Task :app:preDebugBuild
> Task :app:mergeDebugNativeDebugMetadata NO-SOURCE
> Task :app:checkKotlinGradlePluginConfigurationErrors SKIPPED
> Task :app:generateDebugBuildConfig FROM-CACHE
> Task :app:generateDebugResValues FROM-CACHE
> Task :app:processDebugGoogleServices FROM-CACHE
> Task :react-native-maps:generateDebugResValues FROM-CACHE
> Task :expo-modules-core:packageDebugResources FROM-CACHE
> Task :react-native-maps:generateDebugResources FROM-CACHE
> Task :app:generateDebugResources FROM-CACHE
> Task :react-native-maps:packageDebugResources FROM-CACHE
> Task :expo-modules-core:extractDeepLinksDebug FROM-CACHE
> Task :expo-modules-core:processDebugManifest FROM-CACHE
> Task :react-native-maps:extractDeepLinksDebug FROM-CACHE
> Task :react-native-maps:processDebugManifest FROM-CACHE
> Task :expo-modules-core:compileDebugLibraryResources FROM-CACHE
> Task :react-native-reanimated:assertMinimalReactNativeVersionTask
> Task :react-native-reanimated:assertNewArchitectureEnabledTask SKIPPED
> Task :react-native-worklets:assertMinimalReactNativeVersionTask
> Task :react-native-worklets:assertNewArchitectureEnabledTask SKIPPED
> Task :app:packageDebugResources FROM-CACHE
> Task :expo-modules-core:parseDebugLocalResources FROM-CACHE
> Task :app:parseDebugLocalResources FROM-CACHE
> Task :expo-modules-core:generateDebugRFile FROM-CACHE
> Task :react-native-maps:compileDebugLibraryResources FROM-CACHE
> Task :app:createDebugCompatibleScreenManifests
> Task :react-native-maps:parseDebugLocalResources FROM-CACHE
> Task :app:extractDeepLinksDebug FROM-CACHE
> Task :expo-modules-core:checkKotlinGradlePluginConfigurationErrors SKIPPED
> Task :react-native-maps:generateDebugRFile FROM-CACHE
> Task :expo-modules-core:generateDebugBuildConfig FROM-CACHE
> Task :react-native-maps:generateDebugBuildConfig FROM-CACHE
> Task :react-native-maps:javaPreCompileDebug FROM-CACHE
> Task :react-native-reanimated:assertWorkletsVersionTask
> Task :react-native-google-signin_google-signin:generateCodegenSchemaFromJavaScript
> Task :expo-constants:createExpoConfig
> Task :expo-constants:preBuild
> Task :expo-constants:preDebugBuild
> Task :expo-constants:writeDebugAarMetadata
> Task :react-native-safe-area-context:generateCodegenSchemaFromJavaScript
> Task :expo-constants:generateDebugResValues FROM-CACHE
> Task :expo-constants:generateDebugResources FROM-CACHE
> Task :react-native-webview:generateCodegenSchemaFromJavaScript
> Task :expo-constants:packageDebugResources FROM-CACHE
> Task :expo-constants:extractDeepLinksDebug FROM-CACHE
> Task :react-native-screens:generateCodegenSchemaFromJavaScript
> Task :react-native-community_datetimepicker:generateCodegenSchemaFromJavaScript
> Task :react-native-svg:generateCodegenSchemaFromJavaScript
> Task :expo-constants:processDebugManifest FROM-CACHE
> Task :expo-constants:compileDebugLibraryResources FROM-CACHE
> Task :expo-constants:parseDebugLocalResources FROM-CACHE
> Task :react-native-maps:compileDebugJavaWithJavac FROM-CACHE
> Task :expo-constants:generateDebugRFile FROM-CACHE
> Task :expo-constants:checkKotlinGradlePluginConfigurationErrors SKIPPED
> Task :expo-constants:generateDebugBuildConfig FROM-CACHE
> Task :expo-constants:javaPreCompileDebug FROM-CACHE
> Task :app:javaPreCompileDebug FROM-CACHE
> Task :react-native-worklets:generateCodegenSchemaFromJavaScript
> Task :app:mergeDebugShaders
> Task :app:compileDebugShaders NO-SOURCE
> Task :app:generateDebugAssets UP-TO-DATE
> Task :expo-constants:mergeDebugShaders
> Task :expo-constants:compileDebugShaders NO-SOURCE
> Task :expo-constants:generateDebugAssets UP-TO-DATE
> Task :expo-constants:mergeDebugAssets
> Task :react-native-maps:mergeDebugShaders
> Task :react-native-maps:compileDebugShaders NO-SOURCE
> Task :react-native-maps:generateDebugAssets UP-TO-DATE
> Task :react-native-maps:mergeDebugAssets
> Task :react-native-reanimated:generateCodegenSchemaFromJavaScript
> Task :react-native-maps:bundleLibCompileToJarDebug
> Task :app:desugarDebugFileDependencies FROM-CACHE
> Task :react-native-maps:processDebugJavaRes NO-SOURCE
> Task :react-native-maps:bundleLibRuntimeToJarDebug
> Task :react-native-google-signin_google-signin:generateCodegenArtifactsFromSchema
> Task :react-native-google-signin_google-signin:preBuild
> Task :react-native-google-signin_google-signin:preDebugBuild
> Task :react-native-safe-area-context:generateCodegenArtifactsFromSchema
> Task :react-native-safe-area-context:preBuild
> Task :react-native-safe-area-context:preDebugBuild
> Task :react-native-safe-area-context:writeDebugAarMetadata
> Task :react-native-webview:generateCodegenArtifactsFromSchema
> Task :react-native-google-signin_google-signin:generateDebugResValues FROM-CACHE
> Task :react-native-webview:preBuild
> Task :react-native-webview:preDebugBuild
> Task :react-native-google-signin_google-signin:generateDebugResources FROM-CACHE
> Task :react-native-webview:writeDebugAarMetadata
> Task :react-native-safe-area-context:generateDebugResValues FROM-CACHE
> Task :react-native-community_datetimepicker:generateCodegenArtifactsFromSchema
> Task :react-native-community_datetimepicker:preBuild
> Task :react-native-community_datetimepicker:preDebugBuild
> Task :react-native-safe-area-context:generateDebugResources FROM-CACHE
> Task :react-native-google-signin_google-signin:packageDebugResources FROM-CACHE
> Task :react-native-community_datetimepicker:writeDebugAarMetadata
> Task :react-native-webview:generateDebugResValues FROM-CACHE
> Task :react-native-community_datetimepicker:generateDebugResValues FROM-CACHE
> Task :react-native-webview:generateDebugResources FROM-CACHE
> Task :react-native-worklets:generateCodegenArtifactsFromSchema
> Task :react-native-google-signin_google-signin:writeDebugAarMetadata
> Task :react-native-google-signin_google-signin:extractDeepLinksDebug FROM-CACHE
> Task :react-native-screens:generateCodegenArtifactsFromSchema
> Task :react-native-screens:preBuild
> Task :react-native-screens:preDebugBuild
> Task :react-native-safe-area-context:packageDebugResources FROM-CACHE
> Task :react-native-screens:generateDebugResValues FROM-CACHE
> Task :react-native-webview:packageDebugResources FROM-CACHE
> Task :react-native-safe-area-context:extractDeepLinksDebug FROM-CACHE
> Task :react-native-screens:generateDebugResources FROM-CACHE
> Task :react-native-google-signin_google-signin:processDebugManifest FROM-CACHE
> Task :react-native-maps:bundleLibRuntimeToDirDebug
> Task :react-native-webview:extractDeepLinksDebug FROM-CACHE
> Task :react-native-community_datetimepicker:generateDebugResources FROM-CACHE
> Task :react-native-google-signin_google-signin:compileDebugLibraryResources FROM-CACHE
> Task :react-native-google-signin_google-signin:parseDebugLocalResources FROM-CACHE
> Task :react-native-webview:processDebugManifest FROM-CACHE
> Task :react-native-webview:compileDebugLibraryResources FROM-CACHE
> Task :react-native-google-signin_google-signin:generateDebugRFile FROM-CACHE
> Task :react-native-google-signin_google-signin:checkKotlinGradlePluginConfigurationErrors SKIPPED
> Task :react-native-webview:parseDebugLocalResources FROM-CACHE
> Task :react-native-google-signin_google-signin:generateDebugBuildConfig FROM-CACHE
> Task :react-native-screens:packageDebugResources FROM-CACHE
> Task :react-native-community_datetimepicker:packageDebugResources FROM-CACHE
> Task :react-native-screens:extractDeepLinksDebug FROM-CACHE
> Task :react-native-community_datetimepicker:extractDeepLinksDebug FROM-CACHE
> Task :react-native-screens:processDebugManifest FROM-CACHE
> Task :react-native-community_datetimepicker:processDebugManifest FROM-CACHE
> Task :react-native-community_datetimepicker:compileDebugLibraryResources FROM-CACHE
> Task :react-native-svg:generateCodegenArtifactsFromSchema
> Task :react-native-svg:preBuild
> Task :react-native-svg:preDebugBuild
> Task :react-native-community_datetimepicker:parseDebugLocalResources FROM-CACHE
> Task :react-native-screens:compileDebugLibraryResources FROM-CACHE
> Task :react-native-webview:generateDebugRFile FROM-CACHE
> Task :react-native-safe-area-context:processDebugManifest FROM-CACHE
> Task :react-native-community_datetimepicker:generateDebugRFile FROM-CACHE
> Task :react-native-svg:generateDebugResValues FROM-CACHE
> Task :react-native-community_datetimepicker:checkKotlinGradlePluginConfigurationErrors SKIPPED
> Task :react-native-screens:writeDebugAarMetadata
> Task :react-native-webview:checkKotlinGradlePluginConfigurationErrors SKIPPED
> Task :react-native-screens:parseDebugLocalResources FROM-CACHE
> Task :react-native-safe-area-context:compileDebugLibraryResources FROM-CACHE
> Task :react-native-community_datetimepicker:generateDebugBuildConfig FROM-CACHE
> Task :react-native-svg:generateDebugResources FROM-CACHE
> Task :react-native-safe-area-context:parseDebugLocalResources FROM-CACHE
> Task :react-native-webview:generateDebugBuildConfig FROM-CACHE
> Task :react-native-screens:generateDebugRFile FROM-CACHE
> Task :react-native-screens:checkKotlinGradlePluginConfigurationErrors SKIPPED
> Task :react-native-safe-area-context:generateDebugRFile FROM-CACHE
> Task :react-native-safe-area-context:checkKotlinGradlePluginConfigurationErrors SKIPPED
> Task :react-native-svg:packageDebugResources FROM-CACHE
> Task :react-native-safe-area-context:generateDebugBuildConfig FROM-CACHE
> Task :react-native-svg:extractDeepLinksDebug FROM-CACHE
> Task :react-native-svg:writeDebugAarMetadata
> Task :react-native-reanimated:generateCodegenArtifactsFromSchema
> Task :react-native-svg:processDebugManifest FROM-CACHE
> Task :react-native-svg:compileDebugLibraryResources FROM-CACHE
> Task :react-native-svg:parseDebugLocalResources FROM-CACHE
> Task :react-native-svg:generateDebugRFile FROM-CACHE
> Task :react-native-svg:generateDebugBuildConfig FROM-CACHE
> Task :react-native-svg:javaPreCompileDebug FROM-CACHE
> Task :expo-modules-core:compileDebugKotlin FROM-CACHE
> Task :expo-modules-core:javaPreCompileDebug FROM-CACHE
> Task :react-native-google-signin_google-signin:compileDebugKotlin FROM-CACHE
> Task :react-native-google-signin_google-signin:javaPreCompileDebug FROM-CACHE
> Task :app:mergeDebugJniLibFolders
> Task :react-native-community_datetimepicker:compileDebugKotlin FROM-CACHE
> Task :expo-constants:mergeDebugJniLibFolders
> Task :expo-constants:mergeDebugNativeLibs NO-SOURCE
> Task :react-native-community_datetimepicker:javaPreCompileDebug FROM-CACHE
> Task :expo-constants:copyDebugJniLibsProjectOnly
> Task :react-native-safe-area-context:compileDebugKotlin FROM-CACHE
> Task :react-native-maps:mergeDebugJniLibFolders
> Task :react-native-google-signin_google-signin:compileDebugJavaWithJavac FROM-CACHE
> Task :react-native-safe-area-context:javaPreCompileDebug FROM-CACHE
> Task :react-native-maps:mergeDebugNativeLibs NO-SOURCE
> Task :react-native-maps:copyDebugJniLibsProjectOnly
> Task :expo:generatePackagesList
> Task :react-native-worklets:prepareWorkletsHeadersForPrefabs
> Task :expo:preBuild
> Task :expo:preDebugBuild
> Task :react-native-safe-area-context:compileDebugJavaWithJavac FROM-CACHE
> Task :react-native-worklets:preBuild
> Task :react-native-worklets:preDebugBuild
> Task :react-native-screens:generateDebugBuildConfig FROM-CACHE
> Task :react-native-worklets:writeDebugAarMetadata
> Task :expo:writeDebugAarMetadata
> Task :expo:generateDebugResValues FROM-CACHE
> Task :react-native-community_datetimepicker:compileDebugJavaWithJavac FROM-CACHE
> Task :expo:generateDebugResources FROM-CACHE
> Task :react-native-worklets:generateDebugResValues FROM-CACHE
> Task :react-native-worklets:generateDebugResources FROM-CACHE
> Task :expo:packageDebugResources FROM-CACHE
> Task :expo-modules-core:compileDebugJavaWithJavac FROM-CACHE
> Task :expo:extractDeepLinksDebug FROM-CACHE
> Task :react-native-worklets:packageDebugResources FROM-CACHE
> Task :react-native-google-signin_google-signin:bundleLibCompileToJarDebug
> Task :react-native-worklets:extractDeepLinksDebug FROM-CACHE
> Task :expo:processDebugManifest FROM-CACHE
> Task :expo:compileDebugLibraryResources FROM-CACHE
> Task :expo-modules-core:mergeDebugShaders
> Task :expo-modules-core:compileDebugShaders NO-SOURCE
> Task :expo-modules-core:generateDebugAssets UP-TO-DATE
> Task :expo:parseDebugLocalResources FROM-CACHE
> Task :react-native-worklets:processDebugManifest FROM-CACHE
> Task :expo-modules-core:mergeDebugAssets
> Task :react-native-worklets:compileDebugLibraryResources FROM-CACHE
> Task :expo:generateDebugRFile FROM-CACHE
> Task :expo:checkKotlinGradlePluginConfigurationErrors SKIPPED
> Task :react-native-community_datetimepicker:mergeDebugShaders
> Task :react-native-worklets:parseDebugLocalResources FROM-CACHE
> Task :react-native-community_datetimepicker:compileDebugShaders NO-SOURCE
> Task :react-native-community_datetimepicker:generateDebugAssets UP-TO-DATE
> Task :expo:generateDebugBuildConfig FROM-CACHE
> Task :expo:javaPreCompileDebug FROM-CACHE
> Task :react-native-community_datetimepicker:bundleLibCompileToJarDebug
> Task :react-native-worklets:generateDebugRFile FROM-CACHE
> Task :react-native-svg:compileDebugJavaWithJavac FROM-CACHE
> Task :react-native-worklets:generateDebugBuildConfig FROM-CACHE
> Task :react-native-community_datetimepicker:mergeDebugAssets
> Task :react-native-worklets:javaPreCompileDebug FROM-CACHE
> Task :expo:mergeDebugShaders
> Task :expo:compileDebugShaders NO-SOURCE
> Task :expo:generateDebugAssets UP-TO-DATE
> Task :react-native-svg:mergeDebugShaders
> Task :react-native-svg:compileDebugShaders NO-SOURCE
> Task :react-native-svg:generateDebugAssets UP-TO-DATE
> Task :expo:mergeDebugAssets
> Task :react-native-svg:mergeDebugAssets
> Task :react-native-worklets:compileDebugJavaWithJavac FROM-CACHE
> Task :react-native-community_datetimepicker:bundleLibRuntimeToJarDebug
> Task :react-native-worklets:mergeDebugShaders
> Task :react-native-worklets:compileDebugShaders NO-SOURCE
> Task :react-native-worklets:bundleLibCompileToJarDebug
> Task :react-native-worklets:generateDebugAssets UP-TO-DATE
> Task :react-native-worklets:mergeDebugAssets
> Task :react-native-webview:compileDebugKotlin FROM-CACHE
> Task :react-native-webview:javaPreCompileDebug FROM-CACHE
> Task :app:checkDebugDuplicateClasses
> Task :react-native-worklets:bundleLibRuntimeToJarDebug
> Task :react-native-community_datetimepicker:processDebugJavaRes
> Task :react-native-worklets:processDebugJavaRes NO-SOURCE
> Task :react-native-webview:compileDebugJavaWithJavac FROM-CACHE
> Task :expo-modules-core:processDebugJavaRes
> Task :react-native-svg:bundleLibCompileToJarDebug
> Task :react-native-screens:compileDebugKotlin FROM-CACHE
> Task :react-native-screens:javaPreCompileDebug FROM-CACHE
> Task :react-native-community_datetimepicker:bundleLibRuntimeToDirDebug
> Task :react-native-screens:compileDebugJavaWithJavac FROM-CACHE
> Task :react-native-webview:mergeDebugShaders
> Task :react-native-screens:mergeDebugShaders
> Task :react-native-screens:compileDebugShaders NO-SOURCE
> Task :react-native-screens:generateDebugAssets UP-TO-DATE
> Task :react-native-screens:mergeDebugAssets
> Task :react-native-webview:compileDebugShaders NO-SOURCE
> Task :react-native-webview:generateDebugAssets UP-TO-DATE
> Task :react-native-webview:mergeDebugAssets
> Task :react-native-webview:bundleLibCompileToJarDebug
> Task :react-native-reanimated:prepareReanimatedHeadersForPrefabs
> Task :react-native-reanimated:preBuild
> Task :react-native-reanimated:preDebugBuild
> Task :react-native-google-signin_google-signin:mergeDebugShaders
> Task :react-native-reanimated:writeDebugAarMetadata
> Task :react-native-google-signin_google-signin:compileDebugShaders NO-SOURCE
> Task :react-native-google-signin_google-signin:generateDebugAssets UP-TO-DATE
> Task :react-native-reanimated:generateDebugResValues FROM-CACHE
> Task :react-native-reanimated:generateDebugResources FROM-CACHE
> Task :react-native-google-signin_google-signin:mergeDebugAssets
> Task :react-native-safe-area-context:mergeDebugShaders
> Task :react-native-safe-area-context:compileDebugShaders NO-SOURCE
> Task :react-native-safe-area-context:generateDebugAssets UP-TO-DATE
> Task :react-native-safe-area-context:mergeDebugAssets
> Task :react-native-reanimated:packageDebugResources FROM-CACHE
> Task :react-native-reanimated:extractDeepLinksDebug FROM-CACHE
> Task :react-native-webview:bundleLibRuntimeToJarDebug
> Task :react-native-reanimated:processDebugManifest FROM-CACHE
> Task :react-native-reanimated:compileDebugLibraryResources FROM-CACHE
> Task :react-native-safe-area-context:bundleLibCompileToJarDebug
> Task :react-native-google-signin_google-signin:bundleLibRuntimeToJarDebug
> Task :react-native-reanimated:parseDebugLocalResources FROM-CACHE
> Task :react-native-safe-area-context:bundleLibRuntimeToJarDebug
> Task :react-native-reanimated:generateDebugRFile FROM-CACHE
> Task :react-native-google-signin_google-signin:processDebugJavaRes
> Task :react-native-svg:processDebugJavaRes NO-SOURCE
> Task :react-native-reanimated:generateDebugBuildConfig FROM-CACHE
> Task :react-native-safe-area-context:processDebugJavaRes
> Task :react-native-reanimated:javaPreCompileDebug FROM-CACHE
> Task :react-native-webview:processDebugJavaRes
> Task :react-native-screens:processDebugJavaRes
> Task :react-native-reanimated:compileDebugJavaWithJavac FROM-CACHE
> Task :react-native-google-signin_google-signin:bundleLibRuntimeToDirDebug
> Task :react-native-reanimated:mergeDebugShaders
> Task :react-native-reanimated:compileDebugShaders NO-SOURCE
> Task :react-native-reanimated:generateDebugAssets UP-TO-DATE
> Task :react-native-reanimated:mergeDebugAssets
> Task :react-native-safe-area-context:bundleLibRuntimeToDirDebug
> Task :react-native-reanimated:processDebugJavaRes NO-SOURCE
> Task :react-native-screens:bundleLibCompileToJarDebug
> Task :react-native-reanimated:bundleLibCompileToJarDebug
> Task :react-native-screens:bundleLibRuntimeToJarDebug
> Task :react-native-reanimated:bundleLibRuntimeToJarDebug
> Task :react-native-svg:bundleLibRuntimeToJarDebug
> Task :react-native-reanimated:bundleLibRuntimeToDirDebug
> Task :react-native-worklets:bundleLibRuntimeToDirDebug
> Task :react-native-webview:bundleLibRuntimeToDirDebug
> Task :expo:mergeDebugJniLibFolders
> Task :expo:mergeDebugNativeLibs NO-SOURCE
> Task :expo:copyDebugJniLibsProjectOnly
> Task :react-native-community_datetimepicker:mergeDebugJniLibFolders
> Task :react-native-community_datetimepicker:mergeDebugNativeLibs NO-SOURCE
> Task :react-native-community_datetimepicker:copyDebugJniLibsProjectOnly
> Task :react-native-google-signin_google-signin:mergeDebugJniLibFolders
> Task :react-native-google-signin_google-signin:mergeDebugNativeLibs NO-SOURCE
> Task :react-native-google-signin_google-signin:copyDebugJniLibsProjectOnly
> Task :react-native-reanimated:mergeDebugJniLibFolders
> Task :react-native-safe-area-context:mergeDebugJniLibFolders
> Task :react-native-safe-area-context:mergeDebugNativeLibs NO-SOURCE
> Task :expo-modules-core:bundleLibRuntimeToJarDebug
> Task :app:mergeExtDexDebug FROM-CACHE
> Task :expo-modules-core:bundleLibCompileToJarDebug
> Task :react-native-svg:mergeDebugJniLibFolders
> Task :react-native-webview:mergeDebugJniLibFolders
> Task :react-native-webview:mergeDebugNativeLibs NO-SOURCE
> Task :react-native-svg:mergeDebugNativeLibs NO-SOURCE
> Task :react-native-safe-area-context:copyDebugJniLibsProjectOnly
> Task :app:checkDebugAarMetadata
> Task :react-native-svg:bundleLibRuntimeToDirDebug
> Task :react-native-svg:copyDebugJniLibsProjectOnly
> Task :react-native-webview:copyDebugJniLibsProjectOnly
> Task :app:mapDebugSourceSetPaths
> Task :react-native-screens:bundleLibRuntimeToDirDebug
> Task :app:mergeDebugResources FROM-CACHE
> Task :app:processDebugMainManifest FROM-CACHE
> Task :app:processDebugManifest FROM-CACHE
> Task :app:processDebugManifestForPackage FROM-CACHE
> Task :app:mergeDebugAssets
> Task :app:compressDebugAssets FROM-CACHE
> Task :app:validateSigningDebug
> Task :app:writeDebugAppMetadata
> Task :app:writeDebugSigningConfigVersions
> Task :expo-modules-core:bundleLibRuntimeToDirDebug
> Task :react-native-screens:configureCMakeDebug[arm64-v8a]
> Task :react-native-worklets:configureCMakeDebug[arm64-v8a]
> Task :expo-modules-core:configureCMakeDebug[arm64-v8a]
> Task :expo-constants:compileDebugKotlin FROM-CACHE
> Task :expo-constants:compileDebugJavaWithJavac FROM-CACHE
> Task :expo-constants:processDebugJavaRes
> Task :expo-constants:bundleLibRuntimeToDirDebug
> Task :expo-constants:bundleLibRuntimeToJarDebug
> Task :expo-constants:bundleLibCompileToJarDebug
> Task :expo:compileDebugKotlin FROM-CACHE
> Task :expo:compileDebugJavaWithJavac FROM-CACHE
> Task :expo:processDebugJavaRes
> Task :expo:bundleLibCompileToJarDebug
> Task :expo:bundleLibRuntimeToJarDebug
> Task :expo:bundleLibRuntimeToDirDebug
> Task :react-native-worklets:configureCMakeDebug[armeabi-v7a]
> Task :react-native-worklets:generateJsonModelDebug
> Task :react-native-worklets:prefabDebugConfigurePackage
> Task :app:processDebugResources
> Task :app:mergeLibDexDebug

> Task :app:compileDebugKotlin
w: file:///D:/Projects/Swiftride/android/android/app/src/main/java/com/swiftride/app/MainApplication.kt:9:8 'class ReactNativeHost : Any' is deprecated. Deprecated in Java.
w: file:///D:/Projects/Swiftride/android/android/app/src/main/java/com/swiftride/app/MainApplication.kt:21:16 This declaration overrides a deprecated member but is not marked as deprecated itself. Add the '@Deprecated' annotation or suppress the diagnostic.
w: file:///D:/Projects/Swiftride/android/android/app/src/main/java/com/swiftride/app/MainApplication.kt:21:33 'class ReactNativeHost : Any' is deprecated. Deprecated in Java.

> Task :react-native-screens:buildCMakeDebug[arm64-v8a]
C/C++: ninja: Entering directory `D:\Projects\Swiftride\android\node_modules\react-native-screens\android\.cxx\Debug\1k0481zy\arm64-v8a'
C/C++: ld.lld: error: undefined symbol: operator delete(void*)
C/C++: >>> referenced by RNSScreenRemovalListener.h:9 (D:/Projects/Swiftride/android/node_modules/react-native-screens/cpp/RNSScreenRemovalListener.h:9)
C/C++: >>>               CMakeFiles/rnscreens.dir/D_/Projects/Swiftride/android/node_modules/react-native-screens/cpp/RNSScreenRemovalListener.cpp.o:(RNSScreenRemovalListener::~RNSScreenRemovalListener())
C/C++: >>> referenced by Hybrid.h:226 (C:/Users/Basit Ali/.gradle/caches/8.14.3/transforms/1d9b33ce555da17de0d2d1933ef9bfa3/transformed/fbjni-0.7.0/prefab/modules/fbjni/include/fbjni/detail/Hybrid.h:226)
C/C++: >>>               CMakeFiles/rnscreens.dir/src/main/cpp/NativeProxy.cpp.o:(facebook::jni::basic_strong_ref<facebook::jni::detail::HybridData, facebook::jni::LocalReferenceAllocator> facebook::jni::HybridClass<rnscreens::NativeProxy, facebook::jni::detail::BaseHybridClass>::makeCxxInstance<facebook::jni::alias_ref<facebook::jni::detail::JTypeFor<facebook::jni::HybridClass<rnscreens::NativeProxy, facebook::jni::detail::BaseHybridClass>::JavaPart, facebook::jni::JObject, void>::_javaobject*>&>(facebook::jni::alias_ref<facebook::jni::detail::JTypeFor<facebook::jni::HybridClass<rnscreens::NativeProxy, facebook::jni::detail::BaseHybridClass>::JavaPart, facebook::jni::JObject, void>::_javaobject*>&))
C/C++: >>> referenced by RNScreensTurboModule.cpp:25 (D:/Projects/Swiftride/android/node_modules/react-native-screens/cpp/RNScreensTurboModule.cpp:25)
C/C++: >>>               CMakeFiles/rnscreens.dir/D_/Projects/Swiftride/android/node_modules/react-native-screens/cpp/RNScreensTurboModule.cpp.o:(RNScreens::RNScreensTurboModule::~RNScreensTurboModule())
C/C++: >>> referenced 15 more times
C/C++: ld.lld: error: undefined symbol: operator new(unsigned long)
C/C++: >>> referenced by Hybrid.h:226 (C:/Users/Basit Ali/.gradle/caches/8.14.3/transforms/1d9b33ce555da17de0d2d1933ef9bfa3/transformed/fbjni-0.7.0/prefab/modules/fbjni/include/fbjni/detail/Hybrid.h:226)
C/C++: >>>               CMakeFiles/rnscreens.dir/src/main/cpp/NativeProxy.cpp.o:(facebook::jni::basic_strong_ref<facebook::jni::detail::HybridData, facebook::jni::LocalReferenceAllocator> facebook::jni::HybridClass<rnscreens::NativeProxy, facebook::jni::detail::BaseHybridClass>::makeCxxInstance<facebook::jni::alias_ref<facebook::jni::detail::JTypeFor<facebook::jni::HybridClass<rnscreens::NativeProxy, facebook::jni::detail::BaseHybridClass>::JavaPart, facebook::jni::JObject, void>::_javaobject*>&>(facebook::jni::alias_ref<facebook::jni::detail::JTypeFor<facebook::jni::HybridClass<rnscreens::NativeProxy, facebook::jni::detail::BaseHybridClass>::JavaPart, facebook::jni::JObject, void>::_javaobject*>&))
C/C++: >>> referenced by new:271 (C:/Users/Basit Ali/AppData/Local/Android/Sdk/ndk/27.1.12297006/toolchains/llvm/prebuilt/windows-x86_64/sysroot/usr/include/c++/v1/new:271)
C/C++: >>>               CMakeFiles/rnscreens.dir/D_/Projects/Swiftride/android/node_modules/react-native-screens/cpp/RNScreensTurboModule.cpp.o:(void* std::__ndk1::__libcpp_operator_new[abi:ne180000]<unsigned long>(unsigned long))
C/C++: ld.lld: error: undefined symbol: std::__ndk1::basic_string<char, std::__ndk1::char_traits<char>, std::__ndk1::allocator<char>>::~basic_string()
C/C++: >>> referenced by RNScreensTurboModule.cpp:30 (D:/Projects/Swiftride/android/node_modules/react-native-screens/cpp/RNScreensTurboModule.cpp:30)
C/C++: >>>               CMakeFiles/rnscreens.dir/D_/Projects/Swiftride/android/node_modules/react-native-screens/cpp/RNScreensTurboModule.cpp.o:(RNScreens::RNScreensTurboModule::get(facebook::jsi::Runtime&, facebook::jsi::PropNameID const&))
C/C++: >>> referenced by RNScreensTurboModule.cpp:32 (D:/Projects/Swiftride/android/node_modules/react-native-screens/cpp/RNScreensTurboModule.cpp:32)
C/C++: >>>               CMakeFiles/rnscreens.dir/D_/Projects/Swiftride/android/node_modules/react-native-screens/cpp/RNScreensTurboModule.cpp.o:(RNScreens::RNScreensTurboModule::get(facebook::jsi::Runtime&, facebook::jsi::PropNameID const&))
C/C++: >>> referenced by RNScreensTurboModule.cpp:34 (D:/Projects/Swiftride/android/node_modules/react-native-screens/cpp/RNScreensTurboModule.cpp:34)
C/C++: >>>               CMakeFiles/rnscreens.dir/D_/Projects/Swiftride/android/node_modules/react-native-screens/cpp/RNScreensTurboModule.cpp.o:(RNScreens::RNScreensTurboModule::get(facebook::jsi::Runtime&, facebook::jsi::PropNameID const&))
C/C++: >>> referenced 13 more times
C/C++: ld.lld: error: undefined symbol: std::__ndk1::__shared_weak_count::~__shared_weak_count()
C/C++: >>> referenced by shared_ptr.h:263 (C:/Users/Basit Ali/AppData/Local/Android/Sdk/ndk/27.1.12297006/toolchains/llvm/prebuilt/windows-x86_64/sysroot/usr/include/c++/v1/__memory/shared_ptr.h:263)
C/C++: >>>               CMakeFiles/rnscreens.dir/src/main/cpp/jni-adapter.cpp.o:(std::__ndk1::__shared_ptr_emplace<RNScreens::RNScreensTurboModule, std::__ndk1::allocator<RNScreens::RNScreensTurboModule>>::__shared_ptr_emplace[abi:ne180000]<Java_com_swmansion_rnscreens_ScreensModule_nativeInstall::$_0 const&, Java_com_swmansion_rnscreens_ScreensModule_nativeInstall::$_1 const&, Java_com_swmansion_rnscreens_ScreensModule_nativeInstall::$_2 const&, Java_com_swmansion_rnscreens_ScreensModule_nativeInstall::$_3 const&, std::__ndk1::allocator<RNScreens::RNScreensTurboModule>, 0>(std::__ndk1::allocator<RNScreens::RNScreensTurboModule>, Java_com_swmansion_rnscreens_ScreensModule_nativeInstall::$_0 const&, Java_com_swmansion_rnscreens_ScreensModule_nativeInstall::$_1 const&, Java_com_swmansion_rnscreens_ScreensModule_nativeInstall::$_2 const&, Java_com_swmansion_rnscreens_ScreensModule_nativeInstall::$_3 const&))
C/C++: >>> referenced by shared_ptr.h:246 (C:/Users/Basit Ali/AppData/Local/Android/Sdk/ndk/27.1.12297006/toolchains/llvm/prebuilt/windows-x86_64/sysroot/usr/include/c++/v1/__memory/shared_ptr.h:246)
C/C++: >>>               CMakeFiles/rnscreens.dir/src/main/cpp/jni-adapter.cpp.o:(std::__ndk1::__shared_ptr_emplace<RNScreens::RNScreensTurboModule, std::__ndk1::allocator<RNScreens::RNScreensTurboModule>>::~__shared_ptr_emplace())
C/C++: >>> referenced by shared_ptr.h:263 (C:/Users/Basit Ali/AppData/Local/Android/Sdk/ndk/27.1.12297006/toolchains/llvm/prebuilt/windows-x86_64/sysroot/usr/include/c++/v1/__memory/shared_ptr.h:263)
C/C++: >>>               CMakeFiles/rnscreens.dir/src/main/cpp/NativeProxy.cpp.o:(std::__ndk1::__shared_ptr_emplace<RNSScreenRemovalListener, std::__ndk1::allocator<RNSScreenRemovalListener>>::__shared_ptr_emplace[abi:ne180000]<rnscreens::NativeProxy::nativeAddMutationsListener(facebook::jni::alias_ref<facebook::jni::detail::JTypeFor<facebook::react::JFabricUIManager, facebook::jni::JObject, void>::_javaobject*>)::$_0, std::__ndk1::allocator<RNSScreenRemovalListener>, 0>(std::__ndk1::allocator<RNSScreenRemovalListener>, rnscreens::NativeProxy::nativeAddMutationsListener(facebook::jni::alias_ref<facebook::jni::detail::JTypeFor<facebook::react::JFabricUIManager, facebook::jni::JObject, void>::_javaobject*>)::$_0&&))
C/C++: >>> referenced 1 more times
C/C++: ld.lld: error: undefined symbol: vtable for std::__ndk1::__shared_weak_count
C/C++: >>> referenced by shared_ptr.h:169 (C:/Users/Basit Ali/AppData/Local/Android/Sdk/ndk/27.1.12297006/toolchains/llvm/prebuilt/windows-x86_64/sysroot/usr/include/c++/v1/__memory/shared_ptr.h:169)
C/C++: >>>               CMakeFiles/rnscreens.dir/src/main/cpp/jni-adapter.cpp.o:(std::__ndk1::__shared_weak_count::__shared_weak_count[abi:ne180000](long))
C/C++: >>> referenced by shared_ptr.h:169 (C:/Users/Basit Ali/AppData/Local/Android/Sdk/ndk/27.1.12297006/toolchains/llvm/prebuilt/windows-x86_64/sysroot/usr/include/c++/v1/__memory/shared_ptr.h:169)
C/C++: >>>               CMakeFiles/rnscreens.dir/src/main/cpp/jni-adapter.cpp.o:(std::__ndk1::__shared_weak_count::__shared_weak_count[abi:ne180000](long))
C/C++: >>> the vtable symbol may be undefined because the class is missing its key function (see https://lld.llvm.org/missingkeyfunction)
C/C++: ld.lld: error: undefined symbol: __cxa_allocate_exception
C/C++: >>> referenced by References-inl.h:120 (C:/Users/Basit Ali/.gradle/caches/8.14.3/transforms/1d9b33ce555da17de0d2d1933ef9bfa3/transformed/fbjni-0.7.0/prefab/modules/fbjni/include/fbjni/detail/References-inl.h:120)
C/C++: >>>               CMakeFiles/rnscreens.dir/src/main/cpp/NativeProxy.cpp.o:(std::__ndk1::enable_if<IsNonWeakReference<facebook::jni::alias_ref<facebook::jni::detail::JTypeFor<facebook::jni::HybridClass<rnscreens::NativeProxy, facebook::jni::detail::BaseHybridClass>::JavaPart, facebook::jni::JObject, void>::_javaobject*>>(), facebook::jni::reference_traits<facebook::jni::alias_ref<facebook::jni::detail::JTypeFor<facebook::jni::HybridClass<rnscreens::NativeProxy, facebook::jni::detail::BaseHybridClass>::JavaPart, facebook::jni::JObject, void>::_javaobject*>>::plain_jni_reference_t>::type facebook::jni::detail::make_ref<facebook::jni::alias_ref<facebook::jni::detail::JTypeFor<facebook::jni::HybridClass<rnscreens::NativeProxy, facebook::jni::detail::BaseHybridClass>::JavaPart, facebook::jni::JObject, void>::_javaobject*>, facebook::jni::GlobalReferenceAllocator>(facebook::jni::alias_ref<facebook::jni::detail::JTypeFor<facebook::jni::HybridClass<rnscreens::NativeProxy, facebook::jni::detail::BaseHybridClass>::JavaPart, facebook::jni::JObject, void>::_javaobject*> const&))
C/C++: >>> referenced by RNScreensTurboModule.cpp:61 (D:/Projects/Swiftride/android/node_modules/react-native-screens/cpp/RNScreensTurboModule.cpp:61)
C/C++: >>>               CMakeFiles/rnscreens.dir/D_/Projects/Swiftride/android/node_modules/react-native-screens/cpp/RNScreensTurboModule.cpp.o:(RNScreens::RNScreensTurboModule::startTransition(facebook::jsi::Runtime&, facebook::jsi::Value const&, facebook::jsi::Value const*, unsigned long))
C/C++: >>> referenced by RNScreensTurboModule.cpp:85 (D:/Projects/Swiftride/android/node_modules/react-native-screens/cpp/RNScreensTurboModule.cpp:85)
C/C++: >>>               CMakeFiles/rnscreens.dir/D_/Projects/Swiftride/android/node_modules/react-native-screens/cpp/RNScreensTurboModule.cpp.o:(RNScreens::RNScreensTurboModule::updateTransition(facebook::jsi::Runtime&, facebook::jsi::Value const&, facebook::jsi::Value const*, unsigned long))
C/C++: >>> referenced 5 more times
C/C++: ld.lld: error: undefined symbol: std::bad_alloc::bad_alloc()
C/C++: >>> referenced by References-inl.h:120 (C:/Users/Basit Ali/.gradle/caches/8.14.3/transforms/1d9b33ce555da17de0d2d1933ef9bfa3/transformed/fbjni-0.7.0/prefab/modules/fbjni/include/fbjni/detail/References-inl.h:120)
C/C++: >>>               CMakeFiles/rnscreens.dir/src/main/cpp/NativeProxy.cpp.o:(std::__ndk1::enable_if<IsNonWeakReference<facebook::jni::alias_ref<facebook::jni::detail::JTypeFor<facebook::jni::HybridClass<rnscreens::NativeProxy, facebook::jni::detail::BaseHybridClass>::JavaPart, facebook::jni::JObject, void>::_javaobject*>>(), facebook::jni::reference_traits<facebook::jni::alias_ref<facebook::jni::detail::JTypeFor<facebook::jni::HybridClass<rnscreens::NativeProxy, facebook::jni::detail::BaseHybridClass>::JavaPart, facebook::jni::JObject, void>::_javaobject*>>::plain_jni_reference_t>::type facebook::jni::detail::make_ref<facebook::jni::alias_ref<facebook::jni::detail::JTypeFor<facebook::jni::HybridClass<rnscreens::NativeProxy, facebook::jni::detail::BaseHybridClass>::JavaPart, facebook::jni::JObject, void>::_javaobject*>, facebook::jni::GlobalReferenceAllocator>(facebook::jni::alias_ref<facebook::jni::detail::JTypeFor<facebook::jni::HybridClass<rnscreens::NativeProxy, facebook::jni::detail::BaseHybridClass>::JavaPart, facebook::jni::JObject, void>::_javaobject*> const&))
C/C++: ld.lld: error: undefined symbol: vtable for std::__ndk1::__shared_count
C/C++: >>> referenced by shared_ptr.h:145 (C:/Users/Basit Ali/AppData/Local/Android/Sdk/ndk/27.1.12297006/toolchains/llvm/prebuilt/windows-x86_64/sysroot/usr/include/c++/v1/__memory/shared_ptr.h:145)
C/C++: >>>               CMakeFiles/rnscreens.dir/src/main/cpp/jni-adapter.cpp.o:(std::__ndk1::__shared_count::__shared_count[abi:ne180000](long))
C/C++: >>> referenced by shared_ptr.h:145 (C:/Users/Basit Ali/AppData/Local/Android/Sdk/ndk/27.1.12297006/toolchains/llvm/prebuilt/windows-x86_64/sysroot/usr/include/c++/v1/__memory/shared_ptr.h:145)
C/C++: >>>               CMakeFiles/rnscreens.dir/src/main/cpp/jni-adapter.cpp.o:(std::__ndk1::__shared_count::__shared_count[abi:ne180000](long))
C/C++: >>> the vtable symbol may be undefined because the class is missing its key function (see https://lld.llvm.org/missingkeyfunction)
C/C++: ld.lld: error: undefined symbol: typeinfo for std::bad_alloc
C/C++: >>> referenced by References-inl.h:120 (C:/Users/Basit Ali/.gradle/caches/8.14.3/transforms/1d9b33ce555da17de0d2d1933ef9bfa3/transformed/fbjni-0.7.0/prefab/modules/fbjni/include/fbjni/detail/References-inl.h:120)
C/C++: >>>               CMakeFiles/rnscreens.dir/src/main/cpp/NativeProxy.cpp.o:(std::__ndk1::enable_if<IsNonWeakReference<facebook::jni::alias_ref<facebook::jni::detail::JTypeFor<facebook::jni::HybridClass<rnscreens::NativeProxy, facebook::jni::detail::BaseHybridClass>::JavaPart, facebook::jni::JObject, void>::_javaobject*>>(), facebook::jni::reference_traits<facebook::jni::alias_ref<facebook::jni::detail::JTypeFor<facebook::jni::HybridClass<rnscreens::NativeProxy, facebook::jni::detail::BaseHybridClass>::JavaPart, facebook::jni::JObject, void>::_javaobject*>>::plain_jni_reference_t>::type facebook::jni::detail::make_ref<facebook::jni::alias_ref<facebook::jni::detail::JTypeFor<facebook::jni::HybridClass<rnscreens::NativeProxy, facebook::jni::detail::BaseHybridClass>::JavaPart, facebook::jni::JObject, void>::_javaobject*>, facebook::jni::GlobalReferenceAllocator>(facebook::jni::alias_ref<facebook::jni::detail::JTypeFor<facebook::jni::HybridClass<rnscreens::NativeProxy, facebook::jni::detail::BaseHybridClass>::JavaPart, facebook::jni::JObject, void>::_javaobject*> const&))
C/C++: >>> referenced by References-inl.h:120 (C:/Users/Basit Ali/.gradle/caches/8.14.3/transforms/1d9b33ce555da17de0d2d1933ef9bfa3/transformed/fbjni-0.7.0/prefab/modules/fbjni/include/fbjni/detail/References-inl.h:120)
C/C++: >>>               CMakeFiles/rnscreens.dir/src/main/cpp/NativeProxy.cpp.o:(std::__ndk1::enable_if<IsNonWeakReference<facebook::jni::alias_ref<facebook::jni::detail::JTypeFor<facebook::jni::HybridClass<rnscreens::NativeProxy, facebook::jni::detail::BaseHybridClass>::JavaPart, facebook::jni::JObject, void>::_javaobject*>>(), facebook::jni::reference_traits<facebook::jni::alias_ref<facebook::jni::detail::JTypeFor<facebook::jni::HybridClass<rnscreens::NativeProxy, facebook::jni::detail::BaseHybridClass>::JavaPart, facebook::jni::JObject, void>::_javaobject*>>::plain_jni_reference_t>::type facebook::jni::detail::make_ref<facebook::jni::alias_ref<facebook::jni::detail::JTypeFor<facebook::jni::HybridClass<rnscreens::NativeProxy, facebook::jni::detail::BaseHybridClass>::JavaPart, facebook::jni::JObject, void>::_javaobject*>, facebook::jni::GlobalReferenceAllocator>(facebook::jni::alias_ref<facebook::jni::detail::JTypeFor<facebook::jni::HybridClass<rnscreens::NativeProxy, facebook::jni::detail::BaseHybridClass>::JavaPart, facebook::jni::JObject, void>::_javaobject*> const&))
C/C++: ld.lld: error: undefined symbol: __cxa_throw
C/C++: >>> referenced by RNScreensTurboModule.cpp:61 (D:/Projects/Swiftride/android/node_modules/react-native-screens/cpp/RNScreensTurboModule.cpp:61)
C/C++: >>>               CMakeFiles/rnscreens.dir/D_/Projects/Swiftride/android/node_modules/react-native-screens/cpp/RNScreensTurboModule.cpp.o:(RNScreens::RNScreensTurboModule::startTransition(facebook::jsi::Runtime&, facebook::jsi::Value const&, facebook::jsi::Value const*, unsigned long))
C/C++: >>> referenced by References-inl.h:120 (C:/Users/Basit Ali/.gradle/caches/8.14.3/transforms/1d9b33ce555da17de0d2d1933ef9bfa3/transformed/fbjni-0.7.0/prefab/modules/fbjni/include/fbjni/detail/References-inl.h:120)
C/C++: >>>               CMakeFiles/rnscreens.dir/src/main/cpp/NativeProxy.cpp.o:(std::__ndk1::enable_if<IsNonWeakReference<facebook::jni::alias_ref<facebook::jni::detail::JTypeFor<facebook::jni::HybridClass<rnscreens::NativeProxy, facebook::jni::detail::BaseHybridClass>::JavaPart, facebook::jni::JObject, void>::_javaobject*>>(), facebook::jni::reference_traits<facebook::jni::alias_ref<facebook::jni::detail::JTypeFor<facebook::jni::HybridClass<rnscreens::NativeProxy, facebook::jni::detail::BaseHybridClass>::JavaPart, facebook::jni::JObject, void>::_javaobject*>>::plain_jni_reference_t>::type facebook::jni::detail::make_ref<facebook::jni::alias_ref<facebook::jni::detail::JTypeFor<facebook::jni::HybridClass<rnscreens::NativeProxy, facebook::jni::detail::BaseHybridClass>::JavaPart, facebook::jni::JObject, void>::_javaobject*>, facebook::jni::GlobalReferenceAllocator>(facebook::jni::alias_ref<facebook::jni::detail::JTypeFor<facebook::jni::HybridClass<rnscreens::NativeProxy, facebook::jni::detail::BaseHybridClass>::JavaPart, facebook::jni::JObject, void>::_javaobject*> const&))
C/C++: >>> referenced by RNScreensTurboModule.cpp:85 (D:/Projects/Swiftride/android/node_modules/react-native-screens/cpp/RNScreensTurboModule.cpp:85)
C/C++: >>>               CMakeFiles/rnscreens.dir/D_/Projects/Swiftride/android/node_modules/react-native-screens/cpp/RNScreensTurboModule.cpp.o:(RNScreens::RNScreensTurboModule::updateTransition(facebook::jsi::Runtime&, facebook::jsi::Value const&, facebook::jsi::Value const*, unsigned long))
C/C++: >>> referenced 5 more times
C/C++: ld.lld: error: undefined symbol: __cxa_free_exception
C/C++: >>> referenced by RNScreensTurboModule.cpp:61 (D:/Projects/Swiftride/android/node_modules/react-native-screens/cpp/RNScreensTurboModule.cpp:61)
C/C++: >>>               CMakeFiles/rnscreens.dir/D_/Projects/Swiftride/android/node_modules/react-native-screens/cpp/RNScreensTurboModule.cpp.o:(RNScreens::RNScreensTurboModule::startTransition(facebook::jsi::Runtime&, facebook::jsi::Value const&, facebook::jsi::Value const*, unsigned long))
C/C++: >>> referenced by RNScreensTurboModule.cpp:85 (D:/Projects/Swiftride/android/node_modules/react-native-screens/cpp/RNScreensTurboModule.cpp:85)
C/C++: >>>               CMakeFiles/rnscreens.dir/D_/Projects/Swiftride/android/node_modules/react-native-screens/cpp/RNScreensTurboModule.cpp.o:(RNScreens::RNScreensTurboModule::updateTransition(facebook::jsi::Runtime&, facebook::jsi::Value const&, facebook::jsi::Value const*, unsigned long))
C/C++: >>> referenced by RNScreensTurboModule.cpp:96 (D:/Projects/Swiftride/android/node_modules/react-native-screens/cpp/RNScreensTurboModule.cpp:96)
C/C++: >>>               CMakeFiles/rnscreens.dir/D_/Projects/Swiftride/android/node_modules/react-native-screens/cpp/RNScreensTurboModule.cpp.o:(RNScreens::RNScreensTurboModule::finishTransition(facebook::jsi::Runtime&, facebook::jsi::Value const&, facebook::jsi::Value const*, unsigned long))
C/C++: >>> referenced 2 more times
C/C++: ld.lld: error: undefined symbol: std::bad_alloc::~bad_alloc()
C/C++: >>> referenced by References-inl.h:120 (C:/Users/Basit Ali/.gradle/caches/8.14.3/transforms/1d9b33ce555da17de0d2d1933ef9bfa3/transformed/fbjni-0.7.0/prefab/modules/fbjni/include/fbjni/detail/References-inl.h:120)
C/C++: >>>               CMakeFiles/rnscreens.dir/src/main/cpp/NativeProxy.cpp.o:(std::__ndk1::enable_if<IsNonWeakReference<facebook::jni::alias_ref<facebook::jni::detail::JTypeFor<facebook::jni::HybridClass<rnscreens::NativeProxy, facebook::jni::detail::BaseHybridClass>::JavaPart, facebook::jni::JObject, void>::_javaobject*>>(), facebook::jni::reference_traits<facebook::jni::alias_ref<facebook::jni::detail::JTypeFor<facebook::jni::HybridClass<rnscreens::NativeProxy, facebook::jni::detail::BaseHybridClass>::JavaPart, facebook::jni::JObject, void>::_javaobject*>>::plain_jni_reference_t>::type facebook::jni::detail::make_ref<facebook::jni::alias_ref<facebook::jni::detail::JTypeFor<facebook::jni::HybridClass<rnscreens::NativeProxy, facebook::jni::detail::BaseHybridClass>::JavaPart, facebook::jni::JObject, void>::_javaobject*>, facebook::jni::GlobalReferenceAllocator>(facebook::jni::alias_ref<facebook::jni::detail::JTypeFor<facebook::jni::HybridClass<rnscreens::NativeProxy, facebook::jni::detail::BaseHybridClass>::JavaPart, facebook::jni::JObject, void>::_javaobject*> const&))
C/C++: >>> referenced by References-inl.h:120 (C:/Users/Basit Ali/.gradle/caches/8.14.3/transforms/1d9b33ce555da17de0d2d1933ef9bfa3/transformed/fbjni-0.7.0/prefab/modules/fbjni/include/fbjni/detail/References-inl.h:120)
C/C++: >>>               CMakeFiles/rnscreens.dir/src/main/cpp/NativeProxy.cpp.o:(std::__ndk1::enable_if<IsNonWeakReference<facebook::jni::alias_ref<facebook::jni::detail::JTypeFor<facebook::jni::HybridClass<rnscreens::NativeProxy, facebook::jni::detail::BaseHybridClass>::JavaPart, facebook::jni::JObject, void>::_javaobject*>>(), facebook::jni::reference_traits<facebook::jni::alias_ref<facebook::jni::detail::JTypeFor<facebook::jni::HybridClass<rnscreens::NativeProxy, facebook::jni::detail::BaseHybridClass>::JavaPart, facebook::jni::JObject, void>::_javaobject*>>::plain_jni_reference_t>::type facebook::jni::detail::make_ref<facebook::jni::alias_ref<facebook::jni::detail::JTypeFor<facebook::jni::HybridClass<rnscreens::NativeProxy, facebook::jni::detail::BaseHybridClass>::JavaPart, facebook::jni::JObject, void>::_javaobject*>, facebook::jni::GlobalReferenceAllocator>(facebook::jni::alias_ref<facebook::jni::detail::JTypeFor<facebook::jni::HybridClass<rnscreens::NativeProxy, facebook::jni::detail::BaseHybridClass>::JavaPart, facebook::jni::JObject, void>::_javaobject*> const&))
C/C++: ld.lld: error: undefined symbol: vtable for __cxxabiv1::__class_type_info
C/C++: >>> referenced by OnLoad.cpp
C/C++: >>>               CMakeFiles/rnscreens.dir/src/main/cpp/OnLoad.cpp.o:(typeinfo for std::__ndk1::__function::__base<void ()>)
C/C++: >>> referenced by RNSScreenRemovalListener.cpp
C/C++: >>>               CMakeFiles/rnscreens.dir/D_/Projects/Swiftride/android/node_modules/react-native-screens/cpp/RNSScreenRemovalListener.cpp.o:(typeinfo for facebook::react::MountingOverrideDelegate)
C/C++: >>> referenced by OnLoad.cpp
C/C++: >>>               CMakeFiles/rnscreens.dir/src/main/cpp/OnLoad.cpp.o:(typeinfo for JNI_OnLoad::$_0)
C/C++: >>> referenced 13 more times
C/C++: >>> the vtable symbol may be undefined because the class is missing its key function (see https://lld.llvm.org/missingkeyfunction)
C/C++: ld.lld: error: undefined symbol: vtable for __cxxabiv1::__si_class_type_info
C/C++: >>> referenced by OnLoad.cpp
C/C++: >>>               CMakeFiles/rnscreens.dir/src/main/cpp/OnLoad.cpp.o:(typeinfo for std::__ndk1::__function::__func<JNI_OnLoad::$_0, std::__ndk1::allocator<JNI_OnLoad::$_0>, void ()>)
C/C++: >>> referenced by RNSScreenRemovalListener.cpp
C/C++: >>>               CMakeFiles/rnscreens.dir/D_/Projects/Swiftride/android/node_modules/react-native-screens/cpp/RNSScreenRemovalListener.cpp.o:(typeinfo for RNSScreenRemovalListener)
C/C++: >>> referenced by jni-adapter.cpp
C/C++: >>>               CMakeFiles/rnscreens.dir/src/main/cpp/jni-adapter.cpp.o:(typeinfo for std::__ndk1::__shared_ptr_emplace<RNScreens::RNScreensTurboModule, std::__ndk1::allocator<RNScreens::RNScreensTurboModule>>)
C/C++: >>> referenced 12 more times
C/C++: >>> the vtable symbol may be undefined because the class is missing its key function (see https://lld.llvm.org/missingkeyfunction)
C/C++: ld.lld: error: undefined symbol: std::__ndk1::__shared_weak_count::__release_weak()
C/C++: >>> referenced by shared_ptr.h:184 (C:/Users/Basit Ali/AppData/Local/Android/Sdk/ndk/27.1.12297006/toolchains/llvm/prebuilt/windows-x86_64/sysroot/usr/include/c++/v1/__memory/shared_ptr.h:184)
C/C++: >>>               CMakeFiles/rnscreens.dir/D_/Projects/Swiftride/android/node_modules/react-native-screens/cpp/RNSScreenRemovalListener.cpp.o:(std::__ndk1::__shared_weak_count::__release_shared[abi:ne180000]())
C/C++: >>> referenced by shared_ptr.h:1396 (C:/Users/Basit Ali/AppData/Local/Android/Sdk/ndk/27.1.12297006/toolchains/llvm/prebuilt/windows-x86_64/sysroot/usr/include/c++/v1/__memory/shared_ptr.h:1396)
C/C++: >>>               CMakeFiles/rnscreens.dir/src/main/cpp/NativeProxy.cpp.o:(std::__ndk1::weak_ptr<facebook::react::MountingOverrideDelegate const>::~weak_ptr())
C/C++: ld.lld: error: undefined symbol: __cxa_pure_virtual
C/C++: >>> referenced by OnLoad.cpp
C/C++: >>>               CMakeFiles/rnscreens.dir/src/main/cpp/OnLoad.cpp.o:(vtable for std::__ndk1::__function::__base<void ()>)
C/C++: >>> referenced by OnLoad.cpp
C/C++: >>>               CMakeFiles/rnscreens.dir/src/main/cpp/OnLoad.cpp.o:(vtable for std::__ndk1::__function::__base<void ()>)
C/C++: >>> referenced by OnLoad.cpp
C/C++: >>>               CMakeFiles/rnscreens.dir/src/main/cpp/OnLoad.cpp.o:(vtable for std::__ndk1::__function::__base<void ()>)
C/C++: >>> referenced 48 more times
C/C++: ld.lld: error: undefined symbol: std::__ndk1::basic_string<char, std::__ndk1::char_traits<char>, std::__ndk1::allocator<char>>::__init(char const*, unsigned long)
C/C++: >>> referenced by string:971 (C:/Users/Basit Ali/AppData/Local/Android/Sdk/ndk/27.1.12297006/toolchains/llvm/prebuilt/windows-x86_64/sysroot/usr/include/c++/v1/string:971)
C/C++: >>>               CMakeFiles/rnscreens.dir/src/main/cpp/NativeProxy.cpp.o:(std::__ndk1::basic_string<char, std::__ndk1::char_traits<char>, std::__ndk1::allocator<char>>::basic_string[abi:ne180000](char const*, unsigned long))
C/C++: >>> referenced by string:954 (C:/Users/Basit Ali/AppData/Local/Android/Sdk/ndk/27.1.12297006/toolchains/llvm/prebuilt/windows-x86_64/sysroot/usr/include/c++/v1/string:954)
C/C++: >>>               CMakeFiles/rnscreens.dir/D_/Projects/Swiftride/android/node_modules/react-native-screens/cpp/RNScreensTurboModule.cpp.o:(std::__ndk1::basic_string<char, std::__ndk1::char_traits<char>, std::__ndk1::allocator<char>>::basic_string[abi:ne180000]<0>(char const*))
C/C++: ld.lld: error: undefined symbol: __cxa_begin_catch
C/C++: >>> referenced by Registration-inl.h:97 (C:/Users/Basit Ali/.gradle/caches/8.14.3/transforms/1d9b33ce555da17de0d2d1933ef9bfa3/transformed/fbjni-0.7.0/prefab/modules/fbjni/include/fbjni/detail/Registration-inl.h:97)
C/C++: >>>               CMakeFiles/rnscreens.dir/src/main/cpp/NativeProxy.cpp.o:(facebook::jni::detail::FunctionWrapper<facebook::jni::basic_strong_ref<facebook::jni::detail::JTypeFor<facebook::jni::detail::HybridData, facebook::jni::JObject, void>::_javaobject*, facebook::jni::LocalReferenceAllocator> (*)(facebook::jni::alias_ref<facebook::jni::detail::JTypeFor<facebook::jni::HybridClass<rnscreens::NativeProxy, facebook::jni::detail::BaseHybridClass>::JavaPart, facebook::jni::JObject, void>::_javaobject*>), facebook::jni::detail::JTypeFor<facebook::jni::HybridClass<rnscreens::NativeProxy, facebook::jni::detail::BaseHybridClass>::JavaPart, facebook::jni::JObject, void>::_javaobject*, facebook::jni::basic_strong_ref<facebook::jni::detail::JTypeFor<facebook::jni::detail::HybridData, facebook::jni::JObject, void>::_javaobject*, facebook::jni::LocalReferenceAllocator>>::call(_JNIEnv*, _jobject*, facebook::jni::basic_strong_ref<facebook::jni::detail::JTypeFor<facebook::jni::detail::HybridData, facebook::jni::JObject, void>::_javaobject*, facebook::jni::LocalReferenceAllocator> (*)(facebook::jni::alias_ref<facebook::jni::detail::JTypeFor<facebook::jni::HybridClass<rnscreens::NativeProxy, facebook::jni::detail::BaseHybridClass>::JavaPart, facebook::jni::JObject, void>::_javaobject*>)))
C/C++: >>> referenced by Registration-inl.h:97 (C:/Users/Basit Ali/.gradle/caches/8.14.3/transforms/1d9b33ce555da17de0d2d1933ef9bfa3/transformed/fbjni-0.7.0/prefab/modules/fbjni/include/fbjni/detail/Registration-inl.h:97)
C/C++: >>>               CMakeFiles/rnscreens.dir/src/main/cpp/NativeProxy.cpp.o:(facebook::jni::detail::FunctionWrapper<void (*)(facebook::jni::alias_ref<facebook::jni::detail::JTypeFor<facebook::jni::HybridClass<rnscreens::NativeProxy, facebook::jni::detail::BaseHybridClass>::JavaPart, facebook::jni::JObject, void>::_javaobject*>, facebook::jni::alias_ref<facebook::jni::detail::JTypeFor<facebook::react::JFabricUIManager, facebook::jni::JObject, void>::_javaobject*>&&), facebook::jni::detail::JTypeFor<facebook::jni::HybridClass<rnscreens::NativeProxy, facebook::jni::detail::BaseHybridClass>::JavaPart, facebook::jni::JObject, void>::_javaobject*, void, facebook::jni::alias_ref<facebook::jni::detail::JTypeFor<facebook::react::JFabricUIManager, facebook::jni::JObject, void>::_javaobject*>>::call(_JNIEnv*, _jobject*, facebook::jni::detail::JTypeFor<facebook::react::JFabricUIManager, facebook::jni::JObject, void>::_javaobject*, void (*)(facebook::jni::alias_ref<facebook::jni::detail::JTypeFor<facebook::jni::HybridClass<rnscreens::NativeProxy, facebook::jni::detail::BaseHybridClass>::JavaPart, facebook::jni::JObject, void>::_javaobject*>, facebook::jni::alias_ref<facebook::jni::detail::JTypeFor<facebook::react::JFabricUIManager, facebook::jni::JObject, void>::_javaobject*>&&)))
C/C++: >>> referenced by Registration-inl.h:130 (C:/Users/Basit Ali/.gradle/caches/8.14.3/transforms/1d9b33ce555da17de0d2d1933ef9bfa3/transformed/fbjni-0.7.0/prefab/modules/fbjni/include/fbjni/detail/Registration-inl.h:130)
C/C++: >>>               CMakeFiles/rnscreens.dir/src/main/cpp/NativeProxy.cpp.o:(facebook::jni::detail::MethodWrapper<void (rnscreens::NativeProxy::*)(facebook::jni::alias_ref<facebook::jni::detail::JTypeFor<facebook::react::JFabricUIManager, facebook::jni::JObject, void>::_javaobject*>), &rnscreens::NativeProxy::nativeAddMutationsListener(facebook::jni::alias_ref<facebook::jni::detail::JTypeFor<facebook::react::JFabricUIManager, facebook::jni::JObject, void>::_javaobject*>), rnscreens::NativeProxy, void, facebook::jni::alias_ref<facebook::jni::detail::JTypeFor<facebook::react::JFabricUIManager, facebook::jni::JObject, void>::_javaobject*>>::dispatch(facebook::jni::alias_ref<facebook::jni::detail::JTypeFor<facebook::jni::HybridClass<rnscreens::NativeProxy, facebook::jni::detail::BaseHybridClass>::JavaPart, facebook::jni::JObject, void>::_javaobject*>, facebook::jni::alias_ref<facebook::jni::detail::JTypeFor<facebook::react::JFabricUIManager, facebook::jni::JObject, void>::_javaobject*>&&))
C/C++: >>> referenced 3 more times
C/C++: ld.lld: error: undefined symbol: __cxa_end_catch
C/C++: >>> referenced by Registration-inl.h:100 (C:/Users/Basit Ali/.gradle/caches/8.14.3/transforms/1d9b33ce555da17de0d2d1933ef9bfa3/transformed/fbjni-0.7.0/prefab/modules/fbjni/include/fbjni/detail/Registration-inl.h:100)
C/C++: >>>               CMakeFiles/rnscreens.dir/src/main/cpp/NativeProxy.cpp.o:(facebook::jni::detail::FunctionWrapper<facebook::jni::basic_strong_ref<facebook::jni::detail::JTypeFor<facebook::jni::detail::HybridData, facebook::jni::JObject, void>::_javaobject*, facebook::jni::LocalReferenceAllocator> (*)(facebook::jni::alias_ref<facebook::jni::detail::JTypeFor<facebook::jni::HybridClass<rnscreens::NativeProxy, facebook::jni::detail::BaseHybridClass>::JavaPart, facebook::jni::JObject, void>::_javaobject*>), facebook::jni::detail::JTypeFor<facebook::jni::HybridClass<rnscreens::NativeProxy, facebook::jni::detail::BaseHybridClass>::JavaPart, facebook::jni::JObject, void>::_javaobject*, facebook::jni::basic_strong_ref<facebook::jni::detail::JTypeFor<facebook::jni::detail::HybridData, facebook::jni::JObject, void>::_javaobject*, facebook::jni::LocalReferenceAllocator>>::call(_JNIEnv*, _jobject*, facebook::jni::basic_strong_ref<facebook::jni::detail::JTypeFor<facebook::jni::detail::HybridData, facebook::jni::JObject, void>::_javaobject*, facebook::jni::LocalReferenceAllocator> (*)(facebook::jni::alias_ref<facebook::jni::detail::JTypeFor<facebook::jni::HybridClass<rnscreens::NativeProxy, facebook::jni::detail::BaseHybridClass>::JavaPart, facebook::jni::JObject, void>::_javaobject*>)))
C/C++: >>> referenced by Registration-inl.h:100 (C:/Users/Basit Ali/.gradle/caches/8.14.3/transforms/1d9b33ce555da17de0d2d1933ef9bfa3/transformed/fbjni-0.7.0/prefab/modules/fbjni/include/fbjni/detail/Registration-inl.h:100)
C/C++: >>>               CMakeFiles/rnscreens.dir/src/main/cpp/NativeProxy.cpp.o:(facebook::jni::detail::FunctionWrapper<facebook::jni::basic_strong_ref<facebook::jni::detail::JTypeFor<facebook::jni::detail::HybridData, facebook::jni::JObject, void>::_javaobject*, facebook::jni::LocalReferenceAllocator> (*)(facebook::jni::alias_ref<facebook::jni::detail::JTypeFor<facebook::jni::HybridClass<rnscreens::NativeProxy, facebook::jni::detail::BaseHybridClass>::JavaPart, facebook::jni::JObject, void>::_javaobject*>), facebook::jni::detail::JTypeFor<facebook::jni::HybridClass<rnscreens::NativeProxy, facebook::jni::detail::BaseHybridClass>::JavaPart, facebook::jni::JObject, void>::_javaobject*, facebook::jni::basic_strong_ref<facebook::jni::detail::JTypeFor<facebook::jni::detail::HybridData, facebook::jni::JObject, void>::_javaobject*, facebook::jni::LocalReferenceAllocator>>::call(_JNIEnv*, _jobject*, facebook::jni::basic_strong_ref<facebook::jni::detail::JTypeFor<facebook::jni::detail::HybridData, facebook::jni::JObject, void>::_javaobject*, facebook::jni::LocalReferenceAllocator> (*)(facebook::jni::alias_ref<facebook::jni::detail::JTypeFor<facebook::jni::HybridClass<rnscreens::NativeProxy, facebook::jni::detail::BaseHybridClass>::JavaPart, facebook::jni::JObject, void>::_javaobject*>)))
C/C++: >>> referenced by Registration-inl.h:100 (C:/Users/Basit Ali/.gradle/caches/8.14.3/transforms/1d9b33ce555da17de0d2d1933ef9bfa3/transformed/fbjni-0.7.0/prefab/modules/fbjni/include/fbjni/detail/Registration-inl.h:100)
C/C++: >>>               CMakeFiles/rnscreens.dir/src/main/cpp/NativeProxy.cpp.o:(facebook::jni::detail::FunctionWrapper<void (*)(facebook::jni::alias_ref<facebook::jni::detail::JTypeFor<facebook::jni::HybridClass<rnscreens::NativeProxy, facebook::jni::detail::BaseHybridClass>::JavaPart, facebook::jni::JObject, void>::_javaobject*>, facebook::jni::alias_ref<facebook::jni::detail::JTypeFor<facebook::react::JFabricUIManager, facebook::jni::JObject, void>::_javaobject*>&&), facebook::jni::detail::JTypeFor<facebook::jni::HybridClass<rnscreens::NativeProxy, facebook::jni::detail::BaseHybridClass>::JavaPart, facebook::jni::JObject, void>::_javaobject*, void, facebook::jni::alias_ref<facebook::jni::detail::JTypeFor<facebook::react::JFabricUIManager, facebook::jni::JObject, void>::_javaobject*>>::call(_JNIEnv*, _jobject*, facebook::jni::detail::JTypeFor<facebook::react::JFabricUIManager, facebook::jni::JObject, void>::_javaobject*, void (*)(facebook::jni::alias_ref<facebook::jni::detail::JTypeFor<facebook::jni::HybridClass<rnscreens::NativeProxy, facebook::jni::detail::BaseHybridClass>::JavaPart, facebook::jni::JObject, void>::_javaobject*>, facebook::jni::alias_ref<facebook::jni::detail::JTypeFor<facebook::react::JFabricUIManager, facebook::jni::JObject, void>::_javaobject*>&&)))
C/C++: >>> referenced 5 more times
C/C++: ld.lld: error: undefined symbol: std::current_exception()
C/C++: >>> referenced by Registration-inl.h:131 (C:/Users/Basit Ali/.gradle/caches/8.14.3/transforms/1d9b33ce555da17de0d2d1933ef9bfa3/transformed/fbjni-0.7.0/prefab/modules/fbjni/include/fbjni/detail/Registration-inl.h:131)
C/C++: >>>               CMakeFiles/rnscreens.dir/src/main/cpp/NativeProxy.cpp.o:(facebook::jni::detail::MethodWrapper<void (rnscreens::NativeProxy::*)(facebook::jni::alias_ref<facebook::jni::detail::JTypeFor<facebook::react::JFabricUIManager, facebook::jni::JObject, void>::_javaobject*>), &rnscreens::NativeProxy::nativeAddMutationsListener(facebook::jni::alias_ref<facebook::jni::detail::JTypeFor<facebook::react::JFabricUIManager, facebook::jni::JObject, void>::_javaobject*>), rnscreens::NativeProxy, void, facebook::jni::alias_ref<facebook::jni::detail::JTypeFor<facebook::react::JFabricUIManager, facebook::jni::JObject, void>::_javaobject*>>::dispatch(facebook::jni::alias_ref<facebook::jni::detail::JTypeFor<facebook::jni::HybridClass<rnscreens::NativeProxy, facebook::jni::detail::BaseHybridClass>::JavaPart, facebook::jni::JObject, void>::_javaobject*>, facebook::jni::alias_ref<facebook::jni::detail::JTypeFor<facebook::react::JFabricUIManager, facebook::jni::JObject, void>::_javaobject*>&&))
C/C++: >>> referenced by Registration-inl.h:131 (C:/Users/Basit Ali/.gradle/caches/8.14.3/transforms/1d9b33ce555da17de0d2d1933ef9bfa3/transformed/fbjni-0.7.0/prefab/modules/fbjni/include/fbjni/detail/Registration-inl.h:131)
C/C++: >>>               CMakeFiles/rnscreens.dir/src/main/cpp/NativeProxy.cpp.o:(facebook::jni::detail::MethodWrapper<void (rnscreens::NativeProxy::*)(), &rnscreens::NativeProxy::invalidateNative(), rnscreens::NativeProxy, void>::dispatch(facebook::jni::alias_ref<facebook::jni::detail::JTypeFor<facebook::jni::HybridClass<rnscreens::NativeProxy, facebook::jni::detail::BaseHybridClass>::JavaPart, facebook::jni::JObject, void>::_javaobject*>))
C/C++: ld.lld: error: too many errors emitted, stopping now (use --error-limit=0 to see all errors)
C/C++: CLANG_~1: error: linker command failed with exit code 1 (use -v to see invocation)
C/C++: ninja: build stopped: subcommand failed.

> Task :react-native-screens:buildCMakeDebug[arm64-v8a] FAILED
> Task :expo-modules-core:buildCMakeDebug[arm64-v8a]
> Task :app:compileDebugJavaWithJavac

> Task :expo-modules-core:buildCMakeDebug[arm64-v8a] FAILED
C/C++: ninja: Entering directory `D:\Projects\Swiftride\android\node_modules\expo-modules-core\android\.cxx\Debug\3i6w6g4u\arm64-v8a'
C/C++: ld.lld: error: undefined symbol: operator new(unsigned long)
C/C++: >>> referenced by new:271 (C:/Users/Basit Ali/AppData/Local/Android/Sdk/ndk/27.1.12297006/toolchains/llvm/prebuilt/windows-x86_64/sysroot/usr/include/c++/v1/new:271)
C/C++: >>>               CMakeFiles/expo-modules-core.dir/D_/Projects/Swiftride/android/node_modules/expo-modules-core/common/cpp/EventEmitter.cpp.o:(expo::EventEmitter::Listeners::add(facebook::jsi::Runtime&, std::__ndk1::basic_string<char, std::__ndk1::char_traits<char>, std::__ndk1::allocator<char>> const&, facebook::jsi::Function const&))
C/C++: >>> referenced by new:271 (C:/Users/Basit Ali/AppData/Local/Android/Sdk/ndk/27.1.12297006/toolchains/llvm/prebuilt/windows-x86_64/sysroot/usr/include/c++/v1/new:271)
C/C++: >>>               CMakeFiles/expo-modules-core.dir/src/main/cpp/JNIDeallocator.cpp.o:(facebook::jni::JavaClass<expo::JNIDeallocator, facebook::jni::JObject, void>::javaClassLocal())
C/C++: >>> referenced by new:271 (C:/Users/Basit Ali/AppData/Local/Android/Sdk/ndk/27.1.12297006/toolchains/llvm/prebuilt/windows-x86_64/sysroot/usr/include/c++/v1/new:271)
C/C++: >>>               CMakeFiles/expo-modules-core.dir/src/main/cpp/JavaScriptFunction.cpp.o:(facebook::jni::HybridClass<expo::JavaScriptFunction, expo::Destructible>::registerHybrid(std::initializer_list<JNINativeMethod>))
C/C++: >>> referenced 316 more times
C/C++: ld.lld: error: undefined symbol: operator delete(void*)
C/C++: >>> referenced by new:280 (C:/Users/Basit Ali/AppData/Local/Android/Sdk/ndk/27.1.12297006/toolchains/llvm/prebuilt/windows-x86_64/sysroot/usr/include/c++/v1/new:280)
C/C++: >>>               CMakeFiles/expo-modules-core.dir/D_/Projects/Swiftride/android/node_modules/expo-modules-core/common/cpp/EventEmitter.cpp.o:(expo::EventEmitter::Listeners::add(facebook::jsi::Runtime&, std::__ndk1::basic_string<char, std::__ndk1::char_traits<char>, std::__ndk1::allocator<char>> const&, facebook::jsi::Function const&))
C/C++: >>> referenced by ExpoModulesHostObject.cpp:20 (D:/Projects/Swiftride/android/node_modules/expo-modules-core/android/src/main/cpp/ExpoModulesHostObject.cpp:20)
C/C++: >>>               CMakeFiles/expo-modules-core.dir/src/main/cpp/ExpoModulesHostObject.cpp.o:(expo::ExpoModulesHostObject::~ExpoModulesHostObject())
C/C++: >>> referenced by new:280 (C:/Users/Basit Ali/AppData/Local/Android/Sdk/ndk/27.1.12297006/toolchains/llvm/prebuilt/windows-x86_64/sysroot/usr/include/c++/v1/new:280)
C/C++: >>>               CMakeFiles/expo-modules-core.dir/D_/Projects/Swiftride/android/node_modules/expo-modules-core/common/cpp/TypedArray.cpp.o:(std::__ndk1::unordered_map<std::__ndk1::basic_string<char, std::__ndk1::char_traits<char>, std::__ndk1::allocator<char>>, expo::TypedArrayKind, std::__ndk1::hash<std::__ndk1::basic_string<char, std::__ndk1::char_traits<char>, std::__ndk1::allocator<char>>>, std::__ndk1::equal_to<std::__ndk1::basic_string<char, std::__ndk1::char_traits<char>, std::__ndk1::allocator<char>>>, std::__ndk1::allocator<std::__ndk1::pair<std::__ndk1::basic_string<char, std::__ndk1::char_traits<char>, std::__ndk1::allocator<char>> const, expo::TypedArrayKind>>>::~unordered_map[abi:ne180000]())
C/C++: >>> referenced 994 more times
C/C++: ld.lld: error: undefined symbol: __cxa_guard_acquire
C/C++: >>> referenced by CoreClasses-inl.h:147 (C:/Users/Basit Ali/.gradle/caches/8.14.3/transforms/1d9b33ce555da17de0d2d1933ef9bfa3/transformed/fbjni-0.7.0/prefab/modules/fbjni/include/fbjni/detail/CoreClasses-inl.h:147)
C/C++: >>>               CMakeFiles/expo-modules-core.dir/src/main/cpp/Exceptions.cpp.o:(facebook::jni::basic_strong_ref<expo::CodedException, facebook::jni::LocalReferenceAllocator> facebook::jni::JavaClass<expo::CodedException, facebook::jni::JThrowable, void>::newInstance<facebook::jni::basic_strong_ref<facebook::jni::JString, facebook::jni::LocalReferenceAllocator>>(facebook::jni::basic_strong_ref<facebook::jni::JString, facebook::jni::LocalReferenceAllocator>))
C/C++: >>> referenced by JNIDeallocator.cpp:10 (D:/Projects/Swiftride/android/node_modules/expo-modules-core/android/src/main/cpp/JNIDeallocator.cpp:10)
C/C++: >>>               CMakeFiles/expo-modules-core.dir/src/main/cpp/JNIDeallocator.cpp.o:(expo::JNIDeallocator::addReference(facebook::jni::basic_strong_ref<facebook::jni::detail::JTypeFor<expo::Destructible, facebook::jni::JObject, void>::_javaobject*, facebook::jni::LocalReferenceAllocator>))
C/C++: >>> referenced by CoreClasses-inl.h:148 (C:/Users/Basit Ali/.gradle/caches/8.14.3/transforms/1d9b33ce555da17de0d2d1933ef9bfa3/transformed/fbjni-0.7.0/prefab/modules/fbjni/include/fbjni/detail/CoreClasses-inl.h:148)
C/C++: >>>               CMakeFiles/expo-modules-core.dir/src/main/cpp/Exceptions.cpp.o:(facebook::jni::basic_strong_ref<expo::CodedException, facebook::jni::LocalReferenceAllocator> facebook::jni::JavaClass<expo::CodedException, facebook::jni::JThrowable, void>::newInstance<facebook::jni::basic_strong_ref<facebook::jni::JString, facebook::jni::LocalReferenceAllocator>>(facebook::jni::basic_strong_ref<facebook::jni::JString, facebook::jni::LocalReferenceAllocator>))
C/C++: >>> referenced 165 more times
C/C++: ld.lld: error: undefined symbol: __cxa_guard_release
C/C++: >>> referenced by CoreClasses-inl.h:147 (C:/Users/Basit Ali/.gradle/caches/8.14.3/transforms/1d9b33ce555da17de0d2d1933ef9bfa3/transformed/fbjni-0.7.0/prefab/modules/fbjni/include/fbjni/detail/CoreClasses-inl.h:147)
C/C++: >>>               CMakeFiles/expo-modules-core.dir/src/main/cpp/Exceptions.cpp.o:(facebook::jni::basic_strong_ref<expo::CodedException, facebook::jni::LocalReferenceAllocator> facebook::jni::JavaClass<expo::CodedException, facebook::jni::JThrowable, void>::newInstance<facebook::jni::basic_strong_ref<facebook::jni::JString, facebook::jni::LocalReferenceAllocator>>(facebook::jni::basic_strong_ref<facebook::jni::JString, facebook::jni::LocalReferenceAllocator>))
C/C++: >>> referenced by JNIDeallocator.cpp:10 (D:/Projects/Swiftride/android/node_modules/expo-modules-core/android/src/main/cpp/JNIDeallocator.cpp:10)
C/C++: >>>               CMakeFiles/expo-modules-core.dir/src/main/cpp/JNIDeallocator.cpp.o:(expo::JNIDeallocator::addReference(facebook::jni::basic_strong_ref<facebook::jni::detail::JTypeFor<expo::Destructible, facebook::jni::JObject, void>::_javaobject*, facebook::jni::LocalReferenceAllocator>))
C/C++: >>> referenced by CoreClasses-inl.h:148 (C:/Users/Basit Ali/.gradle/caches/8.14.3/transforms/1d9b33ce555da17de0d2d1933ef9bfa3/transformed/fbjni-0.7.0/prefab/modules/fbjni/include/fbjni/detail/CoreClasses-inl.h:148)
C/C++: >>>               CMakeFiles/expo-modules-core.dir/src/main/cpp/Exceptions.cpp.o:(facebook::jni::basic_strong_ref<expo::CodedException, facebook::jni::LocalReferenceAllocator> facebook::jni::JavaClass<expo::CodedException, facebook::jni::JThrowable, void>::newInstance<facebook::jni::basic_strong_ref<facebook::jni::JString, facebook::jni::LocalReferenceAllocator>>(facebook::jni::basic_strong_ref<facebook::jni::JString, facebook::jni::LocalReferenceAllocator>))
C/C++: >>> referenced 165 more times
C/C++: ld.lld: error: undefined symbol: std::__ndk1::__shared_weak_count::__release_weak()
C/C++: >>> referenced by shared_ptr.h:184 (C:/Users/Basit Ali/AppData/Local/Android/Sdk/ndk/27.1.12297006/toolchains/llvm/prebuilt/windows-x86_64/sysroot/usr/include/c++/v1/__memory/shared_ptr.h:184)
C/C++: >>>               CMakeFiles/expo-modules-core.dir/D_/Projects/Swiftride/android/node_modules/expo-modules-core/common/cpp/LazyObject.cpp.o:(expo::LazyObject::~LazyObject())
C/C++: >>> referenced by shared_ptr.h:184 (C:/Users/Basit Ali/AppData/Local/Android/Sdk/ndk/27.1.12297006/toolchains/llvm/prebuilt/windows-x86_64/sysroot/usr/include/c++/v1/__memory/shared_ptr.h:184)
C/C++: >>>               CMakeFiles/expo-modules-core.dir/D_/Projects/Swiftride/android/node_modules/expo-modules-core/common/cpp/JSIUtils.cpp.o:(expo::common::createClass(facebook::jsi::Runtime&, char const*, std::__ndk1::function<facebook::jsi::Value (facebook::jsi::Runtime&, facebook::jsi::Value const&, facebook::jsi::Value const*, unsigned long)>))
C/C++: >>> referenced by shared_ptr.h:184 (C:/Users/Basit Ali/AppData/Local/Android/Sdk/ndk/27.1.12297006/toolchains/llvm/prebuilt/windows-x86_64/sysroot/usr/include/c++/v1/__memory/shared_ptr.h:184)
C/C++: >>>               CMakeFiles/expo-modules-core.dir/D_/Projects/Swiftride/android/node_modules/expo-modules-core/common/cpp/JSIUtils.cpp.o:(expo::common::createClass(facebook::jsi::Runtime&, char const*, std::__ndk1::function<facebook::jsi::Value (facebook::jsi::Runtime&, facebook::jsi::Value const&, facebook::jsi::Value const*, unsigned long)>))
C/C++: >>> referenced 762 more times
C/C++: ld.lld: error: undefined symbol: __cxa_begin_catch
C/C++: >>> referenced by EventEmitter.cpp
C/C++: >>>               CMakeFiles/expo-modules-core.dir/D_/Projects/Swiftride/android/node_modules/expo-modules-core/common/cpp/EventEmitter.cpp.o:(__clang_call_terminate)
C/C++: >>> referenced by EventEmitter.cpp:85 (D:/Projects/Swiftride/android/node_modules/expo-modules-core/common/cpp/EventEmitter.cpp:85)
C/C++: >>>               CMakeFiles/expo-modules-core.dir/D_/Projects/Swiftride/android/node_modules/expo-modules-core/common/cpp/EventEmitter.cpp.o:(expo::EventEmitter::Listeners::call(facebook::jsi::Runtime&, std::__ndk1::basic_string<char, std::__ndk1::char_traits<char>, std::__ndk1::allocator<char>> const&, facebook::jsi::Object const&, facebook::jsi::Value const*, unsigned long))
C/C++: >>> referenced by EventEmitter.cpp:62 (D:/Projects/Swiftride/android/node_modules/expo-modules-core/common/cpp/EventEmitter.cpp:62)
C/C++: >>>               CMakeFiles/expo-modules-core.dir/D_/Projects/Swiftride/android/node_modules/expo-modules-core/common/cpp/EventEmitter.cpp.o:(expo::EventEmitter::Listeners::call(facebook::jsi::Runtime&, std::__ndk1::basic_string<char, std::__ndk1::char_traits<char>, std::__ndk1::allocator<char>> const&, facebook::jsi::Object const&, facebook::jsi::Value const*, unsigned long))
C/C++: >>> referenced 184 more times
C/C++: ld.lld: error: undefined symbol: std::terminate()
C/C++: >>> referenced by EventEmitter.cpp
C/C++: >>>               CMakeFiles/expo-modules-core.dir/D_/Projects/Swiftride/android/node_modules/expo-modules-core/common/cpp/EventEmitter.cpp.o:(__clang_call_terminate)
C/C++: ld.lld: error: undefined symbol: VTT for std::__ndk1::basic_stringstream<char, std::__ndk1::char_traits<char>, std::__ndk1::allocator<char>>
C/C++: >>> referenced by sstream:1102 (C:/Users/Basit Ali/AppData/Local/Android/Sdk/ndk/27.1.12297006/toolchains/llvm/prebuilt/windows-x86_64/sysroot/usr/include/c++/v1/sstream:1102)
C/C++: >>>               CMakeFiles/expo-modules-core.dir/D_/Projects/Swiftride/android/node_modules/expo-modules-core/common/cpp/JSIUtils.cpp.o:(expo::common::createClass(facebook::jsi::Runtime&, char const*, std::__ndk1::function<facebook::jsi::Value (facebook::jsi::Runtime&, facebook::jsi::Value const&, facebook::jsi::Value const*, unsigned long)>))
C/C++: >>> referenced by sstream:1102 (C:/Users/Basit Ali/AppData/Local/Android/Sdk/ndk/27.1.12297006/toolchains/llvm/prebuilt/windows-x86_64/sysroot/usr/include/c++/v1/sstream:1102)
C/C++: >>>               CMakeFiles/expo-modules-core.dir/D_/Projects/Swiftride/android/node_modules/expo-modules-core/common/cpp/JSIUtils.cpp.o:(expo::common::createClass(facebook::jsi::Runtime&, char const*, std::__ndk1::function<facebook::jsi::Value (facebook::jsi::Runtime&, facebook::jsi::Value const&, facebook::jsi::Value const*, unsigned long)>))
C/C++: >>> referenced by istream:201 (C:/Users/Basit Ali/AppData/Local/Android/Sdk/ndk/27.1.12297006/toolchains/llvm/prebuilt/windows-x86_64/sysroot/usr/include/c++/v1/istream:201)
C/C++: >>>               CMakeFiles/expo-modules-core.dir/D_/Projects/Swiftride/android/node_modules/expo-modules-core/common/cpp/JSIUtils.cpp.o:(std::__ndk1::basic_stringstream<char, std::__ndk1::char_traits<char>, std::__ndk1::allocator<char>>::basic_stringstream[abi:ne180000]())
C/C++: >>> referenced 3 more times
C/C++: ld.lld: error: undefined symbol: __cxa_guard_abort
C/C++: >>> referenced by CoreClasses-inl.h:148 (C:/Users/Basit Ali/.gradle/caches/8.14.3/transforms/1d9b33ce555da17de0d2d1933ef9bfa3/transformed/fbjni-0.7.0/prefab/modules/fbjni/include/fbjni/detail/CoreClasses-inl.h:148)
C/C++: >>>               CMakeFiles/expo-modules-core.dir/src/main/cpp/Exceptions.cpp.o:(facebook::jni::basic_strong_ref<expo::CodedException, facebook::jni::LocalReferenceAllocator> facebook::jni::JavaClass<expo::CodedException, facebook::jni::JThrowable, void>::newInstance<facebook::jni::basic_strong_ref<facebook::jni::JString, facebook::jni::LocalReferenceAllocator>>(facebook::jni::basic_strong_ref<facebook::jni::JString, facebook::jni::LocalReferenceAllocator>))
C/C++: >>> referenced by CoreClasses-inl.h:147 (C:/Users/Basit Ali/.gradle/caches/8.14.3/transforms/1d9b33ce555da17de0d2d1933ef9bfa3/transformed/fbjni-0.7.0/prefab/modules/fbjni/include/fbjni/detail/CoreClasses-inl.h:147)
C/C++: >>>               CMakeFiles/expo-modules-core.dir/src/main/cpp/Exceptions.cpp.o:(facebook::jni::basic_strong_ref<expo::CodedException, facebook::jni::LocalReferenceAllocator> facebook::jni::JavaClass<expo::CodedException, facebook::jni::JThrowable, void>::newInstance<facebook::jni::basic_strong_ref<facebook::jni::JString, facebook::jni::LocalReferenceAllocator>>(facebook::jni::basic_strong_ref<facebook::jni::JString, facebook::jni::LocalReferenceAllocator>))
C/C++: >>> referenced by CoreClasses-inl.h:148 (C:/Users/Basit Ali/.gradle/caches/8.14.3/transforms/1d9b33ce555da17de0d2d1933ef9bfa3/transformed/fbjni-0.7.0/prefab/modules/fbjni/include/fbjni/detail/CoreClasses-inl.h:148)
C/C++: >>>               CMakeFiles/expo-modules-core.dir/src/main/cpp/Exceptions.cpp.o:(facebook::jni::basic_strong_ref<expo::JavaScriptEvaluateException, facebook::jni::LocalReferenceAllocator> facebook::jni::JavaClass<expo::JavaScriptEvaluateException, expo::CodedException, void>::newInstance<facebook::jni::basic_strong_ref<facebook::jni::JString, facebook::jni::LocalReferenceAllocator>, facebook::jni::basic_strong_ref<facebook::jni::JString, facebook::jni::LocalReferenceAllocator>>(facebook::jni::basic_strong_ref<facebook::jni::JString, facebook::jni::LocalReferenceAllocator>, facebook::jni::basic_strong_ref<facebook::jni::JString, facebook::jni::LocalReferenceAllocator>))
C/C++: >>> referenced 151 more times
C/C++: ld.lld: error: undefined symbol: std::__ndk1::__next_prime(unsigned long)
C/C++: >>> referenced by __hash_table:1657 (C:/Users/Basit Ali/AppData/Local/Android/Sdk/ndk/27.1.12297006/toolchains/llvm/prebuilt/windows-x86_64/sysroot/usr/include/c++/v1/__hash_table:1657)
C/C++: >>>               ExpoViewProps.cpp.o:(std::__ndk1::unordered_map<std::__ndk1::basic_string<char, std::__ndk1::char_traits<char>, std::__ndk1::allocator<char>>, folly::dynamic, std::__ndk1::hash<std::__ndk1::basic_string<char, std::__ndk1::char_traits<char>, std::__ndk1::allocator<char>>>, std::__ndk1::equal_to<std::__ndk1::basic_string<char, std::__ndk1::char_traits<char>, std::__ndk1::allocator<char>>>, std::__ndk1::allocator<std::__ndk1::pair<std::__ndk1::basic_string<char, std::__ndk1::char_traits<char>, std::__ndk1::allocator<char>> const, folly::dynamic>>>::unordered_map(std::__ndk1::unordered_map<std::__ndk1::basic_string<char, std::__ndk1::char_traits<char>, std::__ndk1::allocator<char>>, folly::dynamic, std::__ndk1::hash<std::__ndk1::basic_string<char, std::__ndk1::char_traits<char>, std::__ndk1::allocator<char>>>, std::__ndk1::equal_to<std::__ndk1::basic_string<char, std::__ndk1::char_traits<char>, std::__ndk1::allocator<char>>>, std::__ndk1::allocator<std::__ndk1::pair<std::__ndk1::basic_string<char, std::__ndk1::char_traits<char>, std::__ndk1::allocator<char>> const, folly::dynamic>>> const&)) in archive src/fabric/libfabric.a
C/C++: >>> referenced by __hash_table:1665 (C:/Users/Basit Ali/AppData/Local/Android/Sdk/ndk/27.1.12297006/toolchains/llvm/prebuilt/windows-x86_64/sysroot/usr/include/c++/v1/__hash_table:1665)
C/C++: >>>               ExpoViewProps.cpp.o:(std::__ndk1::unordered_map<std::__ndk1::basic_string<char, std::__ndk1::char_traits<char>, std::__ndk1::allocator<char>>, folly::dynamic, std::__ndk1::hash<std::__ndk1::basic_string<char, std::__ndk1::char_traits<char>, std::__ndk1::allocator<char>>>, std::__ndk1::equal_to<std::__ndk1::basic_string<char, std::__ndk1::char_traits<char>, std::__ndk1::allocator<char>>>, std::__ndk1::allocator<std::__ndk1::pair<std::__ndk1::basic_string<char, std::__ndk1::char_traits<char>, std::__ndk1::allocator<char>> const, folly::dynamic>>>::unordered_map(std::__ndk1::unordered_map<std::__ndk1::basic_string<char, std::__ndk1::char_traits<char>, std::__ndk1::allocator<char>>, folly::dynamic, std::__ndk1::hash<std::__ndk1::basic_string<char, std::__ndk1::char_traits<char>, std::__ndk1::allocator<char>>>, std::__ndk1::equal_to<std::__ndk1::basic_string<char, std::__ndk1::char_traits<char>, std::__ndk1::allocator<char>>>, std::__ndk1::allocator<std::__ndk1::pair<std::__ndk1::basic_string<char, std::__ndk1::char_traits<char>, std::__ndk1::allocator<char>> const, folly::dynamic>>> const&)) in archive src/fabric/libfabric.a
C/C++: >>> referenced by __hash_table:1657 (C:/Users/Basit Ali/AppData/Local/Android/Sdk/ndk/27.1.12297006/toolchains/llvm/prebuilt/windows-x86_64/sysroot/usr/include/c++/v1/__hash_table:1657)
C/C++: >>>               CMakeFiles/expo-modules-core.dir/src/main/cpp/ExpoModulesHostObject.cpp.o:(std::__ndk1::pair<std::__ndk1::__hash_iterator<std::__ndk1::__hash_node<std::__ndk1::__hash_value_type<std::__ndk1::basic_string<char, std::__ndk1::char_traits<char>, std::__ndk1::allocator<char>>, std::__ndk1::unique_ptr<facebook::jsi::Object, std::__ndk1::default_delete<facebook::jsi::Object>>>, void*>*>, bool> std::__ndk1::__hash_table<std::__ndk1::__hash_value_type<std::__ndk1::basic_string<char, std::__ndk1::char_traits<char>, std::__ndk1::allocator<char>>, std::__ndk1::unique_ptr<facebook::jsi::Object, std::__ndk1::default_delete<facebook::jsi::Object>>>, std::__ndk1::__unordered_map_hasher<std::__ndk1::basic_string<char, std::__ndk1::char_traits<char>, std::__ndk1::allocator<char>>, std::__ndk1::__hash_value_type<std::__ndk1::basic_string<char, std::__ndk1::char_traits<char>, std::__ndk1::allocator<char>>, std::__ndk1::unique_ptr<facebook::jsi::Object, std::__ndk1::default_delete<facebook::jsi::Object>>>, std::__ndk1::hash<std::__ndk1::basic_string<char, std::__ndk1::char_traits<char>, std::__ndk1::allocator<char>>>, std::__ndk1::equal_to<std::__ndk1::basic_string<char, std::__ndk1::char_traits<char>, std::__ndk1::allocator<char>>>, true>, std::__ndk1::__unordered_map_equal<std::__ndk1::basic_string<char, std::__ndk1::char_traits<char>, std::__ndk1::allocator<char>>, std::__ndk1::__hash_value_type<std::__ndk1::basic_string<char, std::__ndk1::char_traits<char>, std::__ndk1::allocator<char>>, std::__ndk1::unique_ptr<facebook::jsi::Object, std::__ndk1::default_delete<facebook::jsi::Object>>>, std::__ndk1::equal_to<std::__ndk1::basic_string<char, std::__ndk1::char_traits<char>, std::__ndk1::allocator<char>>>, std::__ndk1::hash<std::__ndk1::basic_string<char, std::__ndk1::char_traits<char>, std::__ndk1::allocator<char>>>, true>, std::__ndk1::allocator<std::__ndk1::__hash_value_type<std::__ndk1::basic_string<char, std::__ndk1::char_traits<char>, std::__ndk1::allocator<char>>, std::__ndk1::unique_ptr<facebook::jsi::Object, std::__ndk1::default_delete<facebook::jsi::Object>>>>>::__emplace_unique_key_args<std::__ndk1::basic_string<char, std::__ndk1::char_traits<char>, std::__ndk1::allocator<char>>, std::__ndk1::piecewise_construct_t const&, std::__ndk1::tuple<std::__ndk1::basic_string<char, std::__ndk1::char_traits<char>, std::__ndk1::allocator<char>> const&>, std::__ndk1::tuple<>>(std::__ndk1::basic_string<char, std::__ndk1::char_traits<char>, std::__ndk1::allocator<char>> const&, std::__ndk1::piecewise_construct_t const&, std::__ndk1::tuple<std::__ndk1::basic_string<char, std::__ndk1::char_traits<char>, std::__ndk1::allocator<char>> const&>&&, std::__ndk1::tuple<>&&))
C/C++: >>> referenced 31 more times
C/C++: ld.lld: error: undefined symbol: std::__ndk1::__shared_weak_count::~__shared_weak_count()
C/C++: >>> referenced by shared_ptr.h:263 (C:/Users/Basit Ali/AppData/Local/Android/Sdk/ndk/27.1.12297006/toolchains/llvm/prebuilt/windows-x86_64/sysroot/usr/include/c++/v1/__memory/shared_ptr.h:263)
C/C++: >>>               CMakeFiles/expo-modules-core.dir/src/main/cpp/ExpoModulesHostObject.cpp.o:(expo::ExpoModulesHostObject::get(facebook::jsi::Runtime&, facebook::jsi::PropNameID const&))
C/C++: >>> referenced by shared_ptr.h:246 (C:/Users/Basit Ali/AppData/Local/Android/Sdk/ndk/27.1.12297006/toolchains/llvm/prebuilt/windows-x86_64/sysroot/usr/include/c++/v1/__memory/shared_ptr.h:246)
C/C++: >>>               CMakeFiles/expo-modules-core.dir/src/main/cpp/ExpoModulesHostObject.cpp.o:(std::__ndk1::__shared_ptr_emplace<expo::LazyObject, std::__ndk1::allocator<expo::LazyObject>>::~__shared_ptr_emplace())
C/C++: >>> referenced by shared_ptr.h:246 (C:/Users/Basit Ali/AppData/Local/Android/Sdk/ndk/27.1.12297006/toolchains/llvm/prebuilt/windows-x86_64/sysroot/usr/include/c++/v1/__memory/shared_ptr.h:246)
C/C++: >>>               CMakeFiles/expo-modules-core.dir/src/main/cpp/ExpoModulesHostObject.cpp.o:(std::__ndk1::__shared_ptr_emplace<expo::LazyObject, std::__ndk1::allocator<expo::LazyObject>>::~__shared_ptr_emplace())
C/C++: >>> referenced 149 more times
C/C++: ld.lld: error: undefined symbol: __cxa_allocate_exception
C/C++: >>> referenced by References-inl.h:120 (C:/Users/Basit Ali/.gradle/caches/8.14.3/transforms/1d9b33ce555da17de0d2d1933ef9bfa3/transformed/fbjni-0.7.0/prefab/modules/fbjni/include/fbjni/detail/References-inl.h:120)
C/C++: >>>               CMakeFiles/expo-modules-core.dir/src/main/cpp/JavaScriptFunction.cpp.o:(std::__ndk1::enable_if<IsNonWeakReference<facebook::jni::alias_ref<facebook::jni::detail::JTypeFor<expo::ExpectedType, facebook::jni::JObject, void>::_javaobject*>>(), facebook::jni::basic_strong_ref<facebook::jni::reference_traits<facebook::jni::alias_ref<facebook::jni::detail::JTypeFor<expo::ExpectedType, facebook::jni::JObject, void>::_javaobject*>>::plain_jni_reference_t, facebook::jni::LocalReferenceAllocator>>::type facebook::jni::make_local<facebook::jni::alias_ref<facebook::jni::detail::JTypeFor<expo::ExpectedType, facebook::jni::JObject, void>::_javaobject*>>(facebook::jni::alias_ref<facebook::jni::detail::JTypeFor<expo::ExpectedType, facebook::jni::JObject, void>::_javaobject*> const&))
C/C++: >>> referenced by ExpoModulesHostObject.cpp:69 (D:/Projects/Swiftride/android/node_modules/expo-modules-core/android/src/main/cpp/ExpoModulesHostObject.cpp:69)
C/C++: >>>               CMakeFiles/expo-modules-core.dir/src/main/cpp/ExpoModulesHostObject.cpp.o:(expo::ExpoModulesHostObject::set(facebook::jsi::Runtime&, facebook::jsi::PropNameID const&, facebook::jsi::Value const&))
C/C++: >>> referenced by TypedArray.cpp:50 (D:/Projects/Swiftride/android/node_modules/expo-modules-core/common/cpp/TypedArray.cpp:50)
C/C++: >>>               CMakeFiles/expo-modules-core.dir/D_/Projects/Swiftride/android/node_modules/expo-modules-core/common/cpp/TypedArray.cpp.o:(expo::TypedArray::getBuffer(facebook::jsi::Runtime&) const)
C/C++: >>> referenced 64 more times
C/C++: ld.lld: error: undefined symbol: std::__ndk1::basic_string<char, std::__ndk1::char_traits<char>, std::__ndk1::allocator<char>>::insert(unsigned long, char const*, unsigned long)
C/C++: >>> referenced by string:2973 (C:/Users/Basit Ali/AppData/Local/Android/Sdk/ndk/27.1.12297006/toolchains/llvm/prebuilt/windows-x86_64/sysroot/usr/include/c++/v1/string:2973)
C/C++: >>>               CMakeFiles/expo-modules-core.dir/src/main/cpp/ExpoModulesHostObject.cpp.o:(expo::ExpoModulesHostObject::set(facebook::jsi::Runtime&, facebook::jsi::PropNameID const&, facebook::jsi::Value const&))
C/C++: >>> referenced by string:2973 (C:/Users/Basit Ali/AppData/Local/Android/Sdk/ndk/27.1.12297006/toolchains/llvm/prebuilt/windows-x86_64/sysroot/usr/include/c++/v1/string:2973)
C/C++: >>>               CMakeFiles/expo-modules-core.dir/src/main/cpp/JNIUtils.cpp.o:(std::__ndk1::basic_string<char, std::__ndk1::char_traits<char>, std::__ndk1::allocator<char>> std::__ndk1::operator+[abi:ne180000]<char, std::__ndk1::char_traits<char>, std::__ndk1::allocator<char>>(char const*, std::__ndk1::basic_string<char, std::__ndk1::char_traits<char>, std::__ndk1::allocator<char>>&&))
C/C++: ld.lld: error: undefined symbol: std::__ndk1::basic_string<char, std::__ndk1::char_traits<char>, std::__ndk1::allocator<char>>::append(char const*, unsigned long)
C/C++: >>> referenced by string:2851 (C:/Users/Basit Ali/AppData/Local/Android/Sdk/ndk/27.1.12297006/toolchains/llvm/prebuilt/windows-x86_64/sysroot/usr/include/c++/v1/string:2851)
C/C++: >>>               CMakeFiles/expo-modules-core.dir/src/main/cpp/ExpoModulesHostObject.cpp.o:(expo::ExpoModulesHostObject::set(facebook::jsi::Runtime&, facebook::jsi::PropNameID const&, facebook::jsi::Value const&))
C/C++: >>> referenced by Conv.h:629 (C:/Users/Basit Ali/.gradle/caches/8.14.3/transforms/cde4f30671f0a7da4501bd6540651233/transformed/react-android-0.81.5-debug/prefab/modules/reactnative/include/folly/Conv.h:629)
C/C++: >>>               CMakeFiles/expo-modules-core.dir/src/main/cpp/decorators/JSConstantsDecorator.cpp.o:(std::__ndk1::basic_string<char, std::__ndk1::char_traits<char>, std::__ndk1::allocator<char>> folly::dynamic::asImpl<std::__ndk1::basic_string<char, std::__ndk1::char_traits<char>, std::__ndk1::allocator<char>>>() const)
C/C++: >>> referenced by Conv.h:1827 (C:/Users/Basit Ali/.gradle/caches/8.14.3/transforms/cde4f30671f0a7da4501bd6540651233/transformed/react-android-0.81.5-debug/prefab/modules/reactnative/include/folly/Conv.h:1827)
C/C++: >>>               CMakeFiles/expo-modules-core.dir/src/main/cpp/decorators/JSConstantsDecorator.cpp.o:(std::__ndk1::basic_string<char, std::__ndk1::char_traits<char>, std::__ndk1::allocator<char>> folly::dynamic::asImpl<std::__ndk1::basic_string<char, std::__ndk1::char_traits<char>, std::__ndk1::allocator<char>>>() const)
C/C++: >>> referenced 7 more times
C/C++: ld.lld: error: undefined symbol: std::bad_alloc::bad_alloc()
C/C++: >>> referenced by References-inl.h:120 (C:/Users/Basit Ali/.gradle/caches/8.14.3/transforms/1d9b33ce555da17de0d2d1933ef9bfa3/transformed/fbjni-0.7.0/prefab/modules/fbjni/include/fbjni/detail/References-inl.h:120)
C/C++: >>>               CMakeFiles/expo-modules-core.dir/src/main/cpp/JavaScriptFunction.cpp.o:(std::__ndk1::enable_if<IsNonWeakReference<facebook::jni::alias_ref<facebook::jni::detail::JTypeFor<expo::ExpectedType, facebook::jni::JObject, void>::_javaobject*>>(), facebook::jni::basic_strong_ref<facebook::jni::reference_traits<facebook::jni::alias_ref<facebook::jni::detail::JTypeFor<expo::ExpectedType, facebook::jni::JObject, void>::_javaobject*>>::plain_jni_reference_t, facebook::jni::LocalReferenceAllocator>>::type facebook::jni::make_local<facebook::jni::alias_ref<facebook::jni::detail::JTypeFor<expo::ExpectedType, facebook::jni::JObject, void>::_javaobject*>>(facebook::jni::alias_ref<facebook::jni::detail::JTypeFor<expo::ExpectedType, facebook::jni::JObject, void>::_javaobject*> const&))
C/C++: >>> referenced by References-inl.h:120 (C:/Users/Basit Ali/.gradle/caches/8.14.3/transforms/1d9b33ce555da17de0d2d1933ef9bfa3/transformed/fbjni-0.7.0/prefab/modules/fbjni/include/fbjni/detail/References-inl.h:120)
C/C++: >>>               CMakeFiles/expo-modules-core.dir/src/main/cpp/Exceptions.cpp.o:(std::__ndk1::enable_if<IsNonWeakReference<facebook::jni::detail::JTypeFor<expo::CodedException, facebook::jni::JThrowable, void>::_javaobject*>(), facebook::jni::basic_strong_ref<facebook::jni::reference_traits<facebook::jni::detail::JTypeFor<expo::CodedException, facebook::jni::JThrowable, void>::_javaobject*>::plain_jni_reference_t, facebook::jni::LocalReferenceAllocator>>::type facebook::jni::make_local<facebook::jni::detail::JTypeFor<expo::CodedException, facebook::jni::JThrowable, void>::_javaobject*>(facebook::jni::detail::JTypeFor<expo::CodedException, facebook::jni::JThrowable, void>::_javaobject* const&))
C/C++: >>> referenced by References-inl.h:120 (C:/Users/Basit Ali/.gradle/caches/8.14.3/transforms/1d9b33ce555da17de0d2d1933ef9bfa3/transformed/fbjni-0.7.0/prefab/modules/fbjni/include/fbjni/detail/References-inl.h:120)
C/C++: >>>               CMakeFiles/expo-modules-core.dir/src/main/cpp/decorators/JSConstantsDecorator.cpp.o:(std::__ndk1::enable_if<IsNonWeakReference<facebook::jni::alias_ref<facebook::jni::detail::JTypeFor<expo::JNINoArgsFunctionBody, facebook::jni::JObject, void>::_javaobject*>>(), facebook::jni::basic_strong_ref<facebook::jni::reference_traits<facebook::jni::alias_ref<facebook::jni::detail::JTypeFor<expo::JNINoArgsFunctionBody, facebook::jni::JObject, void>::_javaobject*>>::plain_jni_reference_t, facebook::jni::GlobalReferenceAllocator>>::type facebook::jni::make_global<facebook::jni::alias_ref<facebook::jni::detail::JTypeFor<expo::JNINoArgsFunctionBody, facebook::jni::JObject, void>::_javaobject*>>(facebook::jni::alias_ref<facebook::jni::detail::JTypeFor<expo::JNINoArgsFunctionBody, facebook::jni::JObject, void>::_javaobject*> const&))
C/C++: >>> referenced 20 more times
C/C++: ld.lld: error: undefined symbol: __cxa_throw
C/C++: >>> referenced by ExpoModulesHostObject.cpp:69 (D:/Projects/Swiftride/android/node_modules/expo-modules-core/android/src/main/cpp/ExpoModulesHostObject.cpp:69)
C/C++: >>>               CMakeFiles/expo-modules-core.dir/src/main/cpp/ExpoModulesHostObject.cpp.o:(expo::ExpoModulesHostObject::set(facebook::jsi::Runtime&, facebook::jsi::PropNameID const&, facebook::jsi::Value const&))
C/C++: >>> referenced by References-inl.h:120 (C:/Users/Basit Ali/.gradle/caches/8.14.3/transforms/1d9b33ce555da17de0d2d1933ef9bfa3/transformed/fbjni-0.7.0/prefab/modules/fbjni/include/fbjni/detail/References-inl.h:120)
C/C++: >>>               CMakeFiles/expo-modules-core.dir/src/main/cpp/JavaScriptFunction.cpp.o:(std::__ndk1::enable_if<IsNonWeakReference<facebook::jni::alias_ref<facebook::jni::detail::JTypeFor<expo::ExpectedType, facebook::jni::JObject, void>::_javaobject*>>(), facebook::jni::basic_strong_ref<facebook::jni::reference_traits<facebook::jni::alias_ref<facebook::jni::detail::JTypeFor<expo::ExpectedType, facebook::jni::JObject, void>::_javaobject*>>::plain_jni_reference_t, facebook::jni::LocalReferenceAllocator>>::type facebook::jni::make_local<facebook::jni::alias_ref<facebook::jni::detail::JTypeFor<expo::ExpectedType, facebook::jni::JObject, void>::_javaobject*>>(facebook::jni::alias_ref<facebook::jni::detail::JTypeFor<expo::ExpectedType, facebook::jni::JObject, void>::_javaobject*> const&))
C/C++: >>> referenced by TypedArray.cpp:50 (D:/Projects/Swiftride/android/node_modules/expo-modules-core/common/cpp/TypedArray.cpp:50)
C/C++: >>>               CMakeFiles/expo-modules-core.dir/D_/Projects/Swiftride/android/node_modules/expo-modules-core/common/cpp/TypedArray.cpp.o:(expo::TypedArray::getBuffer(facebook::jsi::Runtime&) const)
C/C++: >>> referenced 64 more times
C/C++: ld.lld: error: undefined symbol: vtable for std::__ndk1::basic_stringbuf<char, std::__ndk1::char_traits<char>, std::__ndk1::allocator<char>>
C/C++: >>> referenced by sstream:1101 (C:/Users/Basit Ali/AppData/Local/Android/Sdk/ndk/27.1.12297006/toolchains/llvm/prebuilt/windows-x86_64/sysroot/usr/include/c++/v1/sstream:1101)
C/C++: >>>               CMakeFiles/expo-modules-core.dir/D_/Projects/Swiftride/android/node_modules/expo-modules-core/common/cpp/JSIUtils.cpp.o:(expo::common::createClass(facebook::jsi::Runtime&, char const*, std::__ndk1::function<facebook::jsi::Value (facebook::jsi::Runtime&, facebook::jsi::Value const&, facebook::jsi::Value const*, unsigned long)>))
C/C++: >>> referenced by sstream:1101 (C:/Users/Basit Ali/AppData/Local/Android/Sdk/ndk/27.1.12297006/toolchains/llvm/prebuilt/windows-x86_64/sysroot/usr/include/c++/v1/sstream:1101)
C/C++: >>>               CMakeFiles/expo-modules-core.dir/D_/Projects/Swiftride/android/node_modules/expo-modules-core/common/cpp/JSIUtils.cpp.o:(expo::common::createClass(facebook::jsi::Runtime&, char const*, std::__ndk1::function<facebook::jsi::Value (facebook::jsi::Runtime&, facebook::jsi::Value const&, facebook::jsi::Value const*, unsigned long)>))
C/C++: >>> referenced by sstream:325 (C:/Users/Basit Ali/AppData/Local/Android/Sdk/ndk/27.1.12297006/toolchains/llvm/prebuilt/windows-x86_64/sysroot/usr/include/c++/v1/sstream:325)
C/C++: >>>               CMakeFiles/expo-modules-core.dir/D_/Projects/Swiftride/android/node_modules/expo-modules-core/common/cpp/JSIUtils.cpp.o:(std::__ndk1::basic_stringstream<char, std::__ndk1::char_traits<char>, std::__ndk1::allocator<char>>::basic_stringstream[abi:ne180000]())
C/C++: >>> referenced 3 more times
C/C++: >>> the vtable symbol may be undefined because the class is missing its key function (see https://lld.llvm.org/missingkeyfunction)
C/C++: ld.lld: error: undefined symbol: std::__ndk1::basic_streambuf<char, std::__ndk1::char_traits<char>>::~basic_streambuf()
C/C++: >>> referenced by sstream:1101 (C:/Users/Basit Ali/AppData/Local/Android/Sdk/ndk/27.1.12297006/toolchains/llvm/prebuilt/windows-x86_64/sysroot/usr/include/c++/v1/sstream:1101)
C/C++: >>>               CMakeFiles/expo-modules-core.dir/D_/Projects/Swiftride/android/node_modules/expo-modules-core/common/cpp/JSIUtils.cpp.o:(expo::common::createClass(facebook::jsi::Runtime&, char const*, std::__ndk1::function<facebook::jsi::Value (facebook::jsi::Runtime&, facebook::jsi::Value const&, facebook::jsi::Value const*, unsigned long)>))
C/C++: >>> referenced by sstream:1101 (C:/Users/Basit Ali/AppData/Local/Android/Sdk/ndk/27.1.12297006/toolchains/llvm/prebuilt/windows-x86_64/sysroot/usr/include/c++/v1/sstream:1101)
C/C++: >>>               CMakeFiles/expo-modules-core.dir/D_/Projects/Swiftride/android/node_modules/expo-modules-core/common/cpp/JSIUtils.cpp.o:(std::__ndk1::basic_stringstream<char, std::__ndk1::char_traits<char>, std::__ndk1::allocator<char>>::~basic_stringstream())
C/C++: ld.lld: error: undefined symbol: std::__ndk1::basic_iostream<char, std::__ndk1::char_traits<char>>::~basic_iostream()
C/C++: >>> referenced by sstream:1102 (C:/Users/Basit Ali/AppData/Local/Android/Sdk/ndk/27.1.12297006/toolchains/llvm/prebuilt/windows-x86_64/sysroot/usr/include/c++/v1/sstream:1102)
C/C++: >>>               CMakeFiles/expo-modules-core.dir/D_/Projects/Swiftride/android/node_modules/expo-modules-core/common/cpp/JSIUtils.cpp.o:(expo::common::createClass(facebook::jsi::Runtime&, char const*, std::__ndk1::function<facebook::jsi::Value (facebook::jsi::Runtime&, facebook::jsi::Value const&, facebook::jsi::Value const*, unsigned long)>))
C/C++: >>> referenced by sstream:1010 (C:/Users/Basit Ali/AppData/Local/Android/Sdk/ndk/27.1.12297006/toolchains/llvm/prebuilt/windows-x86_64/sysroot/usr/include/c++/v1/sstream:1010)
C/C++: >>>               CMakeFiles/expo-modules-core.dir/D_/Projects/Swiftride/android/node_modules/expo-modules-core/common/cpp/JSIUtils.cpp.o:(std::__ndk1::basic_stringstream<char, std::__ndk1::char_traits<char>, std::__ndk1::allocator<char>>::basic_stringstream[abi:ne180000]())
C/C++: >>> referenced by sstream:1102 (C:/Users/Basit Ali/AppData/Local/Android/Sdk/ndk/27.1.12297006/toolchains/llvm/prebuilt/windows-x86_64/sysroot/usr/include/c++/v1/sstream:1102)
C/C++: >>>               CMakeFiles/expo-modules-core.dir/D_/Projects/Swiftride/android/node_modules/expo-modules-core/common/cpp/JSIUtils.cpp.o:(std::__ndk1::basic_stringstream<char, std::__ndk1::char_traits<char>, std::__ndk1::allocator<char>>::~basic_stringstream())
C/C++: ld.lld: error: undefined symbol: __cxa_free_exception
C/C++: >>> referenced by ExpoModulesHostObject.cpp:69 (D:/Projects/Swiftride/android/node_modules/expo-modules-core/android/src/main/cpp/ExpoModulesHostObject.cpp:69)
C/C++: >>>               CMakeFiles/expo-modules-core.dir/src/main/cpp/ExpoModulesHostObject.cpp.o:(expo::ExpoModulesHostObject::set(facebook::jsi::Runtime&, facebook::jsi::PropNameID const&, facebook::jsi::Value const&))
C/C++: >>> referenced by TypedArray.cpp:50 (D:/Projects/Swiftride/android/node_modules/expo-modules-core/common/cpp/TypedArray.cpp:50)
C/C++: >>>               CMakeFiles/expo-modules-core.dir/D_/Projects/Swiftride/android/node_modules/expo-modules-core/common/cpp/TypedArray.cpp.o:(expo::TypedArray::getBuffer(facebook::jsi::Runtime&) const)
C/C++: >>> referenced by Exceptions.cpp:92 (D:/Projects/Swiftride/android/node_modules/expo-modules-core/android/src/main/cpp/Exceptions.cpp:92)
C/C++: >>>               CMakeFiles/expo-modules-core.dir/src/main/cpp/Exceptions.cpp.o:(expo::rethrowAsCodedError(facebook::jsi::Runtime&, facebook::jni::JniException&))
C/C++: >>> referenced 37 more times
C/C++: ld.lld: error: too many errors emitted, stopping now (use --error-limit=0 to see all errors)
C/C++: CLANG_~1: error: linker command failed with exit code 1 (use -v to see invocation)
C/C++: ninja: build stopped: subcommand failed.

> Task :react-native-reanimated:configureCMakeDebug[arm64-v8a]
> Task :react-native-worklets:buildCMakeDebug[arm64-v8a][worklets]
C/C++: ninja: Entering directory `D:\Projects\Swiftride\android\node_modules\react-native-worklets\android\.cxx\Debug\4t45334v\arm64-v8a'
C/C++: ld.lld: error: undefined symbol: std::__ndk1::basic_string<char, std::__ndk1::char_traits<char>, std::__ndk1::allocator<char>>::basic_string(std::__ndk1::basic_string<char, std::__ndk1::char_traits<char>, std::__ndk1::allocator<char>> const&)
C/C++: >>> referenced by JSIWorkletsModuleProxy.cpp:142 (D:/Projects/Swiftride/android/node_modules/react-native-worklets/Common/cpp/worklets/NativeModules/JSIWorkletsModuleProxy.cpp:142)
C/C++: >>>               CMakeFiles/worklets.dir/2b1ab6a136c1d0954b923f2da9035b3f/react-native-worklets/Common/cpp/worklets/NativeModules/JSIWorkletsModuleProxy.cpp.o:(worklets::JSIWorkletsModuleProxy::JSIWorkletsModuleProxy(bool, std::__ndk1::shared_ptr<facebook::react::BigStringBuffer const> const&, std::__ndk1::basic_string<char, std::__ndk1::char_traits<char>, std::__ndk1::allocator<char>> const&, std::__ndk1::shared_ptr<facebook::react::MessageQueueThread> const&, std::__ndk1::shared_ptr<worklets::JSScheduler> const&, std::__ndk1::shared_ptr<worklets::UIScheduler> const&, std::__ndk1::shared_ptr<worklets::RuntimeManager> const&, std::__ndk1::weak_ptr<worklets::WorkletRuntime> const&))
C/C++: >>> referenced by pair.h:234 (C:/Users/Basit Ali/AppData/Local/Android/Sdk/ndk/27.1.12297006/toolchains/llvm/prebuilt/windows-x86_64/sysroot/usr/include/c++/v1/__utility/pair.h:234)
C/C++: >>>               CMakeFiles/worklets.dir/2b1ab6a136c1d0954b923f2da9035b3f/react-native-worklets/Common/cpp/worklets/Registries/EventHandlerRegistry.cpp.o:(std::__ndk1::pair<int, std::__ndk1::basic_string<char, std::__ndk1::char_traits<char>, std::__ndk1::allocator<char>>>::pair[abi:ne180000]<unsigned long, std::__ndk1::basic_string<char, std::__ndk1::char_traits<char>, std::__ndk1::allocator<char>>, 0>(std::__ndk1::pair<unsigned long, std::__ndk1::basic_string<char, std::__ndk1::char_traits<char>, std::__ndk1::allocator<char>>> const&))
C/C++: >>> referenced by AsyncQueueImpl.cpp:10 (D:/Projects/Swiftride/android/node_modules/react-native-worklets/Common/cpp/worklets/RunLoop/AsyncQueueImpl.cpp:10)
C/C++: >>>               CMakeFiles/worklets.dir/D_/Projects/Swiftride/android/node_modules/react-native-worklets/Common/cpp/worklets/RunLoop/AsyncQueueImpl.cpp.o:(worklets::AsyncQueueImpl::AsyncQueueImpl(std::__ndk1::basic_string<char, std::__ndk1::char_traits<char>, std::__ndk1::allocator<char>>))
C/C++: >>> referenced 26 more times
C/C++: ld.lld: error: undefined symbol: std::__ndk1::basic_string<char, std::__ndk1::char_traits<char>, std::__ndk1::allocator<char>>::~basic_string()
C/C++: >>> referenced by pair.h:80 (C:/Users/Basit Ali/AppData/Local/Android/Sdk/ndk/27.1.12297006/toolchains/llvm/prebuilt/windows-x86_64/sysroot/usr/include/c++/v1/__utility/pair.h:80)
C/C++: >>>               CMakeFiles/worklets.dir/2b1ab6a136c1d0954b923f2da9035b3f/react-native-worklets/Common/cpp/worklets/Registries/EventHandlerRegistry.cpp.o:(std::__ndk1::pair<int, std::__ndk1::basic_string<char, std::__ndk1::char_traits<char>, std::__ndk1::allocator<char>>>::~pair())
C/C++: >>> referenced by pair.h:80 (C:/Users/Basit Ali/AppData/Local/Android/Sdk/ndk/27.1.12297006/toolchains/llvm/prebuilt/windows-x86_64/sysroot/usr/include/c++/v1/__utility/pair.h:80)
C/C++: >>>               CMakeFiles/worklets.dir/2b1ab6a136c1d0954b923f2da9035b3f/react-native-worklets/Common/cpp/worklets/Registries/EventHandlerRegistry.cpp.o:(std::__ndk1::pair<unsigned long, std::__ndk1::basic_string<char, std::__ndk1::char_traits<char>, std::__ndk1::allocator<char>>>::~pair())
C/C++: >>> referenced by JSIWorkletsModuleProxy.cpp:161 (D:/Projects/Swiftride/android/node_modules/react-native-worklets/Common/cpp/worklets/NativeModules/JSIWorkletsModuleProxy.cpp:161)
C/C++: >>>               CMakeFiles/worklets.dir/2b1ab6a136c1d0954b923f2da9035b3f/react-native-worklets/Common/cpp/worklets/NativeModules/JSIWorkletsModuleProxy.cpp.o:(worklets::JSIWorkletsModuleProxy::~JSIWorkletsModuleProxy())
C/C++: >>> referenced 329 more times
C/C++: ld.lld: error: undefined symbol: std::__ndk1::thread::detach()
C/C++: >>> referenced by AsyncQueueImpl.cpp:33 (D:/Projects/Swiftride/android/node_modules/react-native-worklets/Common/cpp/worklets/RunLoop/AsyncQueueImpl.cpp:33)
C/C++: >>>               CMakeFiles/worklets.dir/D_/Projects/Swiftride/android/node_modules/react-native-worklets/Common/cpp/worklets/RunLoop/AsyncQueueImpl.cpp.o:(worklets::AsyncQueueImpl::AsyncQueueImpl(std::__ndk1::basic_string<char, std::__ndk1::char_traits<char>, std::__ndk1::allocator<char>>))
C/C++: >>> referenced by EventLoop.cpp:78 (D:/Projects/Swiftride/android/node_modules/react-native-worklets/Common/cpp/worklets/RunLoop/EventLoop.cpp:78)
C/C++: >>>               CMakeFiles/worklets.dir/D_/Projects/Swiftride/android/node_modules/react-native-worklets/Common/cpp/worklets/RunLoop/EventLoop.cpp.o:(worklets::EventLoop::run())
C/C++: ld.lld: error: undefined symbol: std::__ndk1::thread::~thread()
C/C++: >>> referenced by AsyncQueueImpl.cpp:34 (D:/Projects/Swiftride/android/node_modules/react-native-worklets/Common/cpp/worklets/RunLoop/AsyncQueueImpl.cpp:34)
C/C++: >>>               CMakeFiles/worklets.dir/D_/Projects/Swiftride/android/node_modules/react-native-worklets/Common/cpp/worklets/RunLoop/AsyncQueueImpl.cpp.o:(worklets::AsyncQueueImpl::AsyncQueueImpl(std::__ndk1::basic_string<char, std::__ndk1::char_traits<char>, std::__ndk1::allocator<char>>))
C/C++: >>> referenced by AsyncQueueImpl.cpp:34 (D:/Projects/Swiftride/android/node_modules/react-native-worklets/Common/cpp/worklets/RunLoop/AsyncQueueImpl.cpp:34)
C/C++: >>>               CMakeFiles/worklets.dir/D_/Projects/Swiftride/android/node_modules/react-native-worklets/Common/cpp/worklets/RunLoop/AsyncQueueImpl.cpp.o:(worklets::AsyncQueueImpl::AsyncQueueImpl(std::__ndk1::basic_string<char, std::__ndk1::char_traits<char>, std::__ndk1::allocator<char>>))
C/C++: >>> referenced by EventLoop.cpp:79 (D:/Projects/Swiftride/android/node_modules/react-native-worklets/Common/cpp/worklets/RunLoop/EventLoop.cpp:79)
C/C++: >>>               CMakeFiles/worklets.dir/D_/Projects/Swiftride/android/node_modules/react-native-worklets/Common/cpp/worklets/RunLoop/EventLoop.cpp.o:(worklets::EventLoop::run())
C/C++: >>> referenced 1 more times
C/C++: ld.lld: error: undefined symbol: operator delete(void*)
C/C++: >>> referenced by function.h:250 (C:/Users/Basit Ali/AppData/Local/Android/Sdk/ndk/27.1.12297006/toolchains/llvm/prebuilt/windows-x86_64/sysroot/usr/include/c++/v1/__functional/function.h:250)
C/C++: >>>               CMakeFiles/worklets.dir/src/main/cpp/worklets/android/WorkletsOnLoad.cpp.o:(std::__ndk1::__function::__func<JNI_OnLoad::$_0, std::__ndk1::allocator<JNI_OnLoad::$_0>, void ()>::~__func())
C/C++: >>> referenced by thread.h:206 (C:/Users/Basit Ali/AppData/Local/Android/Sdk/ndk/27.1.12297006/toolchains/llvm/prebuilt/windows-x86_64/sysroot/usr/include/c++/v1/__thread/thread.h:206)
C/C++: >>>               CMakeFiles/worklets.dir/D_/Projects/Swiftride/android/node_modules/react-native-worklets/Common/cpp/worklets/RunLoop/AsyncQueueImpl.cpp.o:(std::__ndk1::thread::thread<worklets::AsyncQueueImpl::AsyncQueueImpl(std::__ndk1::basic_string<char, std::__ndk1::char_traits<char>, std::__ndk1::allocator<char>>)::$_0, void>(worklets::AsyncQueueImpl::AsyncQueueImpl(std::__ndk1::basic_string<char, std::__ndk1::char_traits<char>, std::__ndk1::allocator<char>>)::$_0&&))
C/C++: >>> referenced by JSIWorkletsModuleProxy.cpp:161 (D:/Projects/Swiftride/android/node_modules/react-native-worklets/Common/cpp/worklets/NativeModules/JSIWorkletsModuleProxy.cpp:161)
C/C++: >>>               CMakeFiles/worklets.dir/2b1ab6a136c1d0954b923f2da9035b3f/react-native-worklets/Common/cpp/worklets/NativeModules/JSIWorkletsModuleProxy.cpp.o:(worklets::JSIWorkletsModuleProxy::~JSIWorkletsModuleProxy())
C/C++: >>> referenced 229 more times
C/C++: ld.lld: error: undefined symbol: operator new(unsigned long)
C/C++: >>> referenced by thread.h:206 (C:/Users/Basit Ali/AppData/Local/Android/Sdk/ndk/27.1.12297006/toolchains/llvm/prebuilt/windows-x86_64/sysroot/usr/include/c++/v1/__thread/thread.h:206)
C/C++: >>>               CMakeFiles/worklets.dir/D_/Projects/Swiftride/android/node_modules/react-native-worklets/Common/cpp/worklets/RunLoop/AsyncQueueImpl.cpp.o:(std::__ndk1::thread::thread<worklets::AsyncQueueImpl::AsyncQueueImpl(std::__ndk1::basic_string<char, std::__ndk1::char_traits<char>, std::__ndk1::allocator<char>>)::$_0, void>(worklets::AsyncQueueImpl::AsyncQueueImpl(std::__ndk1::basic_string<char, std::__ndk1::char_traits<char>, std::__ndk1::allocator<char>>)::$_0&&))
C/C++: >>> referenced by thread.h:208 (C:/Users/Basit Ali/AppData/Local/Android/Sdk/ndk/27.1.12297006/toolchains/llvm/prebuilt/windows-x86_64/sysroot/usr/include/c++/v1/__thread/thread.h:208)
C/C++: >>>               CMakeFiles/worklets.dir/D_/Projects/Swiftride/android/node_modules/react-native-worklets/Common/cpp/worklets/RunLoop/AsyncQueueImpl.cpp.o:(std::__ndk1::thread::thread<worklets::AsyncQueueImpl::AsyncQueueImpl(std::__ndk1::basic_string<char, std::__ndk1::char_traits<char>, std::__ndk1::allocator<char>>)::$_0, void>(worklets::AsyncQueueImpl::AsyncQueueImpl(std::__ndk1::basic_string<char, std::__ndk1::char_traits<char>, std::__ndk1::allocator<char>>)::$_0&&))
C/C++: >>> referenced by Hybrid.h:226 (C:/Users/Basit Ali/.gradle/caches/8.14.3/transforms/1d9b33ce555da17de0d2d1933ef9bfa3/transformed/fbjni-0.7.0/prefab/modules/fbjni/include/fbjni/detail/Hybrid.h:226)
C/C++: >>>               CMakeFiles/worklets.dir/src/main/cpp/worklets/android/WorkletsModule.cpp.o:(facebook::jni::basic_strong_ref<facebook::jni::detail::HybridData, facebook::jni::LocalReferenceAllocator> facebook::jni::HybridClass<worklets::WorkletsModule, facebook::jni::detail::BaseHybridClass>::makeCxxInstance<facebook::jni::alias_ref<facebook::jni::detail::JTypeFor<facebook::jni::HybridClass<worklets::WorkletsModule, facebook::jni::detail::BaseHybridClass>::JavaPart, facebook::jni::JObject, void>::_javaobject*>&, facebook::jsi::Runtime*&, facebook::jni::alias_ref<facebook::jni::detail::JTypeFor<facebook::react::JavaMessageQueueThread, facebook::jni::JObject, void>::_javaobject*>&, std::__ndk1::shared_ptr<facebook::react::CallInvoker>&, std::__ndk1::shared_ptr<worklets::UIScheduler>&, std::__ndk1::shared_ptr<facebook::react::BigStringBuffer const>&, std::__ndk1::basic_string<char, std::__ndk1::char_traits<char>, std::__ndk1::allocator<char>> const&>(facebook::jni::alias_ref<facebook::jni::detail::JTypeFor<facebook::jni::HybridClass<worklets::WorkletsModule, facebook::jni::detail::BaseHybridClass>::JavaPart, facebook::jni::JObject, void>::_javaobject*>&, facebook::jsi::Runtime*&, facebook::jni::alias_ref<facebook::jni::detail::JTypeFor<facebook::react::JavaMessageQueueThread, facebook::jni::JObject, void>::_javaobject*>&, std::__ndk1::shared_ptr<facebook::react::CallInvoker>&, std::__ndk1::shared_ptr<worklets::UIScheduler>&, std::__ndk1::shared_ptr<facebook::react::BigStringBuffer const>&, std::__ndk1::basic_string<char, std::__ndk1::char_traits<char>, std::__ndk1::allocator<char>> const&))
C/C++: >>> referenced 38 more times
C/C++: ld.lld: error: undefined symbol: std::__ndk1::__thread_struct::__thread_struct()
C/C++: >>> referenced by thread.h:206 (C:/Users/Basit Ali/AppData/Local/Android/Sdk/ndk/27.1.12297006/toolchains/llvm/prebuilt/windows-x86_64/sysroot/usr/include/c++/v1/__thread/thread.h:206)
C/C++: >>>               CMakeFiles/worklets.dir/D_/Projects/Swiftride/android/node_modules/react-native-worklets/Common/cpp/worklets/RunLoop/AsyncQueueImpl.cpp.o:(std::__ndk1::thread::thread<worklets::AsyncQueueImpl::AsyncQueueImpl(std::__ndk1::basic_string<char, std::__ndk1::char_traits<char>, std::__ndk1::allocator<char>>)::$_0, void>(worklets::AsyncQueueImpl::AsyncQueueImpl(std::__ndk1::basic_string<char, std::__ndk1::char_traits<char>, std::__ndk1::allocator<char>>)::$_0&&))
C/C++: >>> referenced by thread.h:206 (C:/Users/Basit Ali/AppData/Local/Android/Sdk/ndk/27.1.12297006/toolchains/llvm/prebuilt/windows-x86_64/sysroot/usr/include/c++/v1/__thread/thread.h:206)
C/C++: >>>               CMakeFiles/worklets.dir/D_/Projects/Swiftride/android/node_modules/react-native-worklets/Common/cpp/worklets/RunLoop/EventLoop.cpp.o:(std::__ndk1::thread::thread<worklets::EventLoop::run()::$_0, void>(worklets::EventLoop::run()::$_0&&))
C/C++: ld.lld: error: undefined symbol: __cxa_begin_catch
C/C++: >>> referenced by Registration-inl.h:97 (C:/Users/Basit Ali/.gradle/caches/8.14.3/transforms/1d9b33ce555da17de0d2d1933ef9bfa3/transformed/fbjni-0.7.0/prefab/modules/fbjni/include/fbjni/detail/Registration-inl.h:97)
C/C++: >>>               CMakeFiles/worklets.dir/src/main/cpp/worklets/android/WorkletsOnLoad.cpp.o:(facebook::jni::detail::FunctionWrapper<void (*)(facebook::jni::alias_ref<facebook::jni::detail::JTypeFor<facebook::jni::HybridClass<worklets::AnimationFrameCallback, facebook::jni::detail::BaseHybridClass>::JavaPart, facebook::jni::JObject, void>::_javaobject*>, double&&), facebook::jni::detail::JTypeFor<facebook::jni::HybridClass<worklets::AnimationFrameCallback, facebook::jni::detail::BaseHybridClass>::JavaPart, facebook::jni::JObject, void>::_javaobject*, void, double>::call(_JNIEnv*, _jobject*, double, void (*)(facebook::jni::alias_ref<facebook::jni::detail::JTypeFor<facebook::jni::HybridClass<worklets::AnimationFrameCallback, facebook::jni::detail::BaseHybridClass>::JavaPart, facebook::jni::JObject, void>::_javaobject*>, double&&)))
C/C++: >>> referenced by Registration-inl.h:130 (C:/Users/Basit Ali/.gradle/caches/8.14.3/transforms/1d9b33ce555da17de0d2d1933ef9bfa3/transformed/fbjni-0.7.0/prefab/modules/fbjni/include/fbjni/detail/Registration-inl.h:130)
C/C++: >>>               CMakeFiles/worklets.dir/src/main/cpp/worklets/android/WorkletsOnLoad.cpp.o:(facebook::jni::detail::MethodWrapper<void (worklets::AnimationFrameCallback::*)(double), &worklets::AnimationFrameCallback::onAnimationFrame(double), worklets::AnimationFrameCallback, void, double>::dispatch(facebook::jni::alias_ref<facebook::jni::detail::JTypeFor<facebook::jni::HybridClass<worklets::AnimationFrameCallback, facebook::jni::detail::BaseHybridClass>::JavaPart, facebook::jni::JObject, void>::_javaobject*>, double&&))
C/C++: >>> referenced by __split_buffer:447 (C:/Users/Basit Ali/AppData/Local/Android/Sdk/ndk/27.1.12297006/toolchains/llvm/prebuilt/windows-x86_64/sysroot/usr/include/c++/v1/__split_buffer:447)
C/C++: >>>               CMakeFiles/worklets.dir/D_/Projects/Swiftride/android/node_modules/react-native-worklets/Common/cpp/worklets/RunLoop/AsyncQueueImpl.cpp.o:(std::__ndk1::__split_buffer<std::__ndk1::function<void ()>*, std::__ndk1::allocator<std::__ndk1::function<void ()>*>>::shrink_to_fit())
C/C++: >>> referenced 10 more times
C/C++: ld.lld: error: undefined symbol: std::__ndk1::__throw_system_error(int, char const*)
C/C++: >>> referenced by thread.h:213 (C:/Users/Basit Ali/AppData/Local/Android/Sdk/ndk/27.1.12297006/toolchains/llvm/prebuilt/windows-x86_64/sysroot/usr/include/c++/v1/__thread/thread.h:213)
C/C++: >>>               CMakeFiles/worklets.dir/D_/Projects/Swiftride/android/node_modules/react-native-worklets/Common/cpp/worklets/RunLoop/AsyncQueueImpl.cpp.o:(std::__ndk1::thread::thread<worklets::AsyncQueueImpl::AsyncQueueImpl(std::__ndk1::basic_string<char, std::__ndk1::char_traits<char>, std::__ndk1::allocator<char>>)::$_0, void>(worklets::AsyncQueueImpl::AsyncQueueImpl(std::__ndk1::basic_string<char, std::__ndk1::char_traits<char>, std::__ndk1::allocator<char>>)::$_0&&))
C/C++: >>> referenced by thread.h:213 (C:/Users/Basit Ali/AppData/Local/Android/Sdk/ndk/27.1.12297006/toolchains/llvm/prebuilt/windows-x86_64/sysroot/usr/include/c++/v1/__thread/thread.h:213)
C/C++: >>>               CMakeFiles/worklets.dir/D_/Projects/Swiftride/android/node_modules/react-native-worklets/Common/cpp/worklets/RunLoop/EventLoop.cpp.o:(std::__ndk1::thread::thread<worklets::EventLoop::run()::$_0, void>(worklets::EventLoop::run()::$_0&&))
C/C++: >>> referenced by unique_lock.h:159 (C:/Users/Basit Ali/AppData/Local/Android/Sdk/ndk/27.1.12297006/toolchains/llvm/prebuilt/windows-x86_64/sysroot/usr/include/c++/v1/__mutex/unique_lock.h:159)
C/C++: >>>               CMakeFiles/worklets.dir/D_/Projects/Swiftride/android/node_modules/react-native-worklets/Common/cpp/worklets/WorkletRuntime/WorkletRuntime.cpp.o:(std::__ndk1::unique_lock<std::__ndk1::recursive_mutex>::unlock())
C/C++: >>> referenced 1 more times
C/C++: ld.lld: error: undefined symbol: __cxa_end_catch
C/C++: >>> referenced by Registration-inl.h:100 (C:/Users/Basit Ali/.gradle/caches/8.14.3/transforms/1d9b33ce555da17de0d2d1933ef9bfa3/transformed/fbjni-0.7.0/prefab/modules/fbjni/include/fbjni/detail/Registration-inl.h:100)
C/C++: >>>               CMakeFiles/worklets.dir/src/main/cpp/worklets/android/WorkletsOnLoad.cpp.o:(facebook::jni::detail::FunctionWrapper<void (*)(facebook::jni::alias_ref<facebook::jni::detail::JTypeFor<facebook::jni::HybridClass<worklets::AnimationFrameCallback, facebook::jni::detail::BaseHybridClass>::JavaPart, facebook::jni::JObject, void>::_javaobject*>, double&&), facebook::jni::detail::JTypeFor<facebook::jni::HybridClass<worklets::AnimationFrameCallback, facebook::jni::detail::BaseHybridClass>::JavaPart, facebook::jni::JObject, void>::_javaobject*, void, double>::call(_JNIEnv*, _jobject*, double, void (*)(facebook::jni::alias_ref<facebook::jni::detail::JTypeFor<facebook::jni::HybridClass<worklets::AnimationFrameCallback, facebook::jni::detail::BaseHybridClass>::JavaPart, facebook::jni::JObject, void>::_javaobject*>, double&&)))
C/C++: >>> referenced by Registration-inl.h:100 (C:/Users/Basit Ali/.gradle/caches/8.14.3/transforms/1d9b33ce555da17de0d2d1933ef9bfa3/transformed/fbjni-0.7.0/prefab/modules/fbjni/include/fbjni/detail/Registration-inl.h:100)
C/C++: >>>               CMakeFiles/worklets.dir/src/main/cpp/worklets/android/WorkletsOnLoad.cpp.o:(facebook::jni::detail::FunctionWrapper<void (*)(facebook::jni::alias_ref<facebook::jni::detail::JTypeFor<facebook::jni::HybridClass<worklets::AnimationFrameCallback, facebook::jni::detail::BaseHybridClass>::JavaPart, facebook::jni::JObject, void>::_javaobject*>, double&&), facebook::jni::detail::JTypeFor<facebook::jni::HybridClass<worklets::AnimationFrameCallback, facebook::jni::detail::BaseHybridClass>::JavaPart, facebook::jni::JObject, void>::_javaobject*, void, double>::call(_JNIEnv*, _jobject*, double, void (*)(facebook::jni::alias_ref<facebook::jni::detail::JTypeFor<facebook::jni::HybridClass<worklets::AnimationFrameCallback, facebook::jni::detail::BaseHybridClass>::JavaPart, facebook::jni::JObject, void>::_javaobject*>, double&&)))
C/C++: >>> referenced by Registration-inl.h:133 (C:/Users/Basit Ali/.gradle/caches/8.14.3/transforms/1d9b33ce555da17de0d2d1933ef9bfa3/transformed/fbjni-0.7.0/prefab/modules/fbjni/include/fbjni/detail/Registration-inl.h:133)
C/C++: >>>               CMakeFiles/worklets.dir/src/main/cpp/worklets/android/WorkletsOnLoad.cpp.o:(facebook::jni::detail::MethodWrapper<void (worklets::AnimationFrameCallback::*)(double), &worklets::AnimationFrameCallback::onAnimationFrame(double), worklets::AnimationFrameCallback, void, double>::dispatch(facebook::jni::alias_ref<facebook::jni::detail::JTypeFor<facebook::jni::HybridClass<worklets::AnimationFrameCallback, facebook::jni::detail::BaseHybridClass>::JavaPart, facebook::jni::JObject, void>::_javaobject*>, double&&))
C/C++: >>> referenced 15 more times
C/C++: ld.lld: error: undefined symbol: std::current_exception()
C/C++: >>> referenced by Registration-inl.h:131 (C:/Users/Basit Ali/.gradle/caches/8.14.3/transforms/1d9b33ce555da17de0d2d1933ef9bfa3/transformed/fbjni-0.7.0/prefab/modules/fbjni/include/fbjni/detail/Registration-inl.h:131)
C/C++: >>>               CMakeFiles/worklets.dir/src/main/cpp/worklets/android/WorkletsOnLoad.cpp.o:(facebook::jni::detail::MethodWrapper<void (worklets::AnimationFrameCallback::*)(double), &worklets::AnimationFrameCallback::onAnimationFrame(double), worklets::AnimationFrameCallback, void, double>::dispatch(facebook::jni::alias_ref<facebook::jni::detail::JTypeFor<facebook::jni::HybridClass<worklets::AnimationFrameCallback, facebook::jni::detail::BaseHybridClass>::JavaPart, facebook::jni::JObject, void>::_javaobject*>, double&&))
C/C++: >>> referenced by Registration-inl.h:131 (C:/Users/Basit Ali/.gradle/caches/8.14.3/transforms/1d9b33ce555da17de0d2d1933ef9bfa3/transformed/fbjni-0.7.0/prefab/modules/fbjni/include/fbjni/detail/Registration-inl.h:131)
C/C++: >>>               CMakeFiles/worklets.dir/src/main/cpp/worklets/android/AndroidUIScheduler.cpp.o:(facebook::jni::detail::MethodWrapper<void (worklets::AndroidUIScheduler::*)(), &worklets::AndroidUIScheduler::triggerUI(), worklets::AndroidUIScheduler, void>::dispatch(facebook::jni::alias_ref<facebook::jni::detail::JTypeFor<facebook::jni::HybridClass<worklets::AndroidUIScheduler, facebook::jni::detail::BaseHybridClass>::JavaPart, facebook::jni::JObject, void>::_javaobject*>))
C/C++: >>> referenced by Registration-inl.h:131 (C:/Users/Basit Ali/.gradle/caches/8.14.3/transforms/1d9b33ce555da17de0d2d1933ef9bfa3/transformed/fbjni-0.7.0/prefab/modules/fbjni/include/fbjni/detail/Registration-inl.h:131)
C/C++: >>>               CMakeFiles/worklets.dir/src/main/cpp/worklets/android/AndroidUIScheduler.cpp.o:(facebook::jni::detail::MethodWrapper<void (worklets::AndroidUIScheduler::*)(), &worklets::AndroidUIScheduler::invalidate(), worklets::AndroidUIScheduler, void>::dispatch(facebook::jni::alias_ref<facebook::jni::detail::JTypeFor<facebook::jni::HybridClass<worklets::AndroidUIScheduler, facebook::jni::detail::BaseHybridClass>::JavaPart, facebook::jni::JObject, void>::_javaobject*>))
C/C++: >>> referenced 2 more times
C/C++: ld.lld: error: undefined symbol: std::__ndk1::recursive_mutex::recursive_mutex()
C/C++: >>> referenced by SynchronizableAccess.h:8 (D:/Projects/Swiftride/android/node_modules/react-native-worklets/android/../Common/cpp/worklets/SharedItems/SynchronizableAccess.h:8)
C/C++: >>>               CMakeFiles/worklets.dir/D_/Projects/Swiftride/android/node_modules/react-native-worklets/Common/cpp/worklets/SharedItems/Synchronizable.cpp.o:(worklets::SynchronizableAccess::SynchronizableAccess())
C/C++: >>> referenced by construct_at.h:41 (C:/Users/Basit Ali/AppData/Local/Android/Sdk/ndk/27.1.12297006/toolchains/llvm/prebuilt/windows-x86_64/sysroot/usr/include/c++/v1/__memory/construct_at.h:41)
C/C++: >>>               CMakeFiles/worklets.dir/D_/Projects/Swiftride/android/node_modules/react-native-worklets/Common/cpp/worklets/WorkletRuntime/WorkletRuntime.cpp.o:(std::__ndk1::recursive_mutex* std::__ndk1::construct_at[abi:ne180000]<std::__ndk1::recursive_mutex, std::__ndk1::recursive_mutex*>(std::__ndk1::recursive_mutex*))
C/C++: ld.lld: error: undefined symbol: std::__ndk1::mutex::~mutex()
C/C++: >>> referenced by SynchronizableAccess.h:8 (D:/Projects/Swiftride/android/node_modules/react-native-worklets/android/../Common/cpp/worklets/SharedItems/SynchronizableAccess.h:8)
C/C++: >>>               CMakeFiles/worklets.dir/D_/Projects/Swiftride/android/node_modules/react-native-worklets/Common/cpp/worklets/SharedItems/Synchronizable.cpp.o:(worklets::SynchronizableAccess::SynchronizableAccess())
C/C++: >>> referenced by SynchronizableAccess.h:8 (D:/Projects/Swiftride/android/node_modules/react-native-worklets/android/../Common/cpp/worklets/SharedItems/SynchronizableAccess.h:8)
C/C++: >>>               CMakeFiles/worklets.dir/D_/Projects/Swiftride/android/node_modules/react-native-worklets/Common/cpp/worklets/SharedItems/Synchronizable.cpp.o:(worklets::SynchronizableAccess::~SynchronizableAccess())
C/C++: >>> referenced by WorkletRuntimeRegistry.cpp:0 (D:/Projects/Swiftride/android/node_modules/react-native-worklets/Common/cpp/worklets/Registries/WorkletRuntimeRegistry.cpp:0)
C/C++: >>>               CMakeFiles/worklets.dir/2b1ab6a136c1d0954b923f2da9035b3f/react-native-worklets/Common/cpp/worklets/Registries/WorkletRuntimeRegistry.cpp.o:(__cxx_global_var_init.1)
C/C++: >>> referenced 7 more times
C/C++: ld.lld: error: undefined symbol: std::__ndk1::condition_variable::notify_all()
C/C++: >>> referenced by AsyncQueueImpl.cpp:42 (D:/Projects/Swiftride/android/node_modules/react-native-worklets/Common/cpp/worklets/RunLoop/AsyncQueueImpl.cpp:42)
C/C++: >>>               CMakeFiles/worklets.dir/D_/Projects/Swiftride/android/node_modules/react-native-worklets/Common/cpp/worklets/RunLoop/AsyncQueueImpl.cpp.o:(worklets::AsyncQueueImpl::~AsyncQueueImpl())
C/C++: >>> referenced by EventLoop.cpp:24 (D:/Projects/Swiftride/android/node_modules/react-native-worklets/Common/cpp/worklets/RunLoop/EventLoop.cpp:24)
C/C++: >>>               CMakeFiles/worklets.dir/D_/Projects/Swiftride/android/node_modules/react-native-worklets/Common/cpp/worklets/RunLoop/EventLoop.cpp.o:(worklets::EventLoop::~EventLoop())
C/C++: >>> referenced by SynchronizableAccess.cpp:19 (D:/Projects/Swiftride/android/node_modules/react-native-worklets/Common/cpp/worklets/SharedItems/SynchronizableAccess.cpp:19)
C/C++: >>>               CMakeFiles/worklets.dir/2b1ab6a136c1d0954b923f2da9035b3f/react-native-worklets/Common/cpp/worklets/SharedItems/SynchronizableAccess.cpp.o:(worklets::SynchronizableAccess::getBlockingAfter())
C/C++: >>> referenced 2 more times
C/C++: ld.lld: error: undefined symbol: std::exception_ptr::~exception_ptr()
C/C++: >>> referenced by Registration-inl.h:131 (C:/Users/Basit Ali/.gradle/caches/8.14.3/transforms/1d9b33ce555da17de0d2d1933ef9bfa3/transformed/fbjni-0.7.0/prefab/modules/fbjni/include/fbjni/detail/Registration-inl.h:131)
C/C++: >>>               CMakeFiles/worklets.dir/src/main/cpp/worklets/android/WorkletsOnLoad.cpp.o:(facebook::jni::detail::MethodWrapper<void (worklets::AnimationFrameCallback::*)(double), &worklets::AnimationFrameCallback::onAnimationFrame(double), worklets::AnimationFrameCallback, void, double>::dispatch(facebook::jni::alias_ref<facebook::jni::detail::JTypeFor<facebook::jni::HybridClass<worklets::AnimationFrameCallback, facebook::jni::detail::BaseHybridClass>::JavaPart, facebook::jni::JObject, void>::_javaobject*>, double&&))
C/C++: >>> referenced by Registration-inl.h:131 (C:/Users/Basit Ali/.gradle/caches/8.14.3/transforms/1d9b33ce555da17de0d2d1933ef9bfa3/transformed/fbjni-0.7.0/prefab/modules/fbjni/include/fbjni/detail/Registration-inl.h:131)
C/C++: >>>               CMakeFiles/worklets.dir/src/main/cpp/worklets/android/WorkletsOnLoad.cpp.o:(facebook::jni::detail::MethodWrapper<void (worklets::AnimationFrameCallback::*)(double), &worklets::AnimationFrameCallback::onAnimationFrame(double), worklets::AnimationFrameCallback, void, double>::dispatch(facebook::jni::alias_ref<facebook::jni::detail::JTypeFor<facebook::jni::HybridClass<worklets::AnimationFrameCallback, facebook::jni::detail::BaseHybridClass>::JavaPart, facebook::jni::JObject, void>::_javaobject*>, double&&))
C/C++: >>> referenced by Registration-inl.h:131 (C:/Users/Basit Ali/.gradle/caches/8.14.3/transforms/1d9b33ce555da17de0d2d1933ef9bfa3/transformed/fbjni-0.7.0/prefab/modules/fbjni/include/fbjni/detail/Registration-inl.h:131)
C/C++: >>>               CMakeFiles/worklets.dir/src/main/cpp/worklets/android/AndroidUIScheduler.cpp.o:(facebook::jni::detail::MethodWrapper<void (worklets::AndroidUIScheduler::*)(), &worklets::AndroidUIScheduler::triggerUI(), worklets::AndroidUIScheduler, void>::dispatch(facebook::jni::alias_ref<facebook::jni::detail::JTypeFor<facebook::jni::HybridClass<worklets::AndroidUIScheduler, facebook::jni::detail::BaseHybridClass>::JavaPart, facebook::jni::JObject, void>::_javaobject*>))
C/C++: >>> referenced 5 more times
C/C++: ld.lld: error: undefined symbol: __cxa_rethrow
C/C++: >>> referenced by Registration-inl.h:132 (C:/Users/Basit Ali/.gradle/caches/8.14.3/transforms/1d9b33ce555da17de0d2d1933ef9bfa3/transformed/fbjni-0.7.0/prefab/modules/fbjni/include/fbjni/detail/Registration-inl.h:132)
C/C++: >>>               CMakeFiles/worklets.dir/src/main/cpp/worklets/android/WorkletsOnLoad.cpp.o:(facebook::jni::detail::MethodWrapper<void (worklets::AnimationFrameCallback::*)(double), &worklets::AnimationFrameCallback::onAnimationFrame(double), worklets::AnimationFrameCallback, void, double>::dispatch(facebook::jni::alias_ref<facebook::jni::detail::JTypeFor<facebook::jni::HybridClass<worklets::AnimationFrameCallback, facebook::jni::detail::BaseHybridClass>::JavaPart, facebook::jni::JObject, void>::_javaobject*>, double&&))
C/C++: >>> referenced by Registration-inl.h:132 (C:/Users/Basit Ali/.gradle/caches/8.14.3/transforms/1d9b33ce555da17de0d2d1933ef9bfa3/transformed/fbjni-0.7.0/prefab/modules/fbjni/include/fbjni/detail/Registration-inl.h:132)
C/C++: >>>               CMakeFiles/worklets.dir/src/main/cpp/worklets/android/AndroidUIScheduler.cpp.o:(facebook::jni::detail::MethodWrapper<void (worklets::AndroidUIScheduler::*)(), &worklets::AndroidUIScheduler::triggerUI(), worklets::AndroidUIScheduler, void>::dispatch(facebook::jni::alias_ref<facebook::jni::detail::JTypeFor<facebook::jni::HybridClass<worklets::AndroidUIScheduler, facebook::jni::detail::BaseHybridClass>::JavaPart, facebook::jni::JObject, void>::_javaobject*>))
C/C++: >>> referenced by Registration-inl.h:132 (C:/Users/Basit Ali/.gradle/caches/8.14.3/transforms/1d9b33ce555da17de0d2d1933ef9bfa3/transformed/fbjni-0.7.0/prefab/modules/fbjni/include/fbjni/detail/Registration-inl.h:132)
C/C++: >>>               CMakeFiles/worklets.dir/src/main/cpp/worklets/android/AndroidUIScheduler.cpp.o:(facebook::jni::detail::MethodWrapper<void (worklets::AndroidUIScheduler::*)(), &worklets::AndroidUIScheduler::invalidate(), worklets::AndroidUIScheduler, void>::dispatch(facebook::jni::alias_ref<facebook::jni::detail::JTypeFor<facebook::jni::HybridClass<worklets::AndroidUIScheduler, facebook::jni::detail::BaseHybridClass>::JavaPart, facebook::jni::JObject, void>::_javaobject*>))
C/C++: >>> referenced 1 more times
C/C++: ld.lld: error: undefined symbol: std::__ndk1::__shared_weak_count::__release_weak()
C/C++: >>> referenced by shared_ptr.h:1396 (C:/Users/Basit Ali/AppData/Local/Android/Sdk/ndk/27.1.12297006/toolchains/llvm/prebuilt/windows-x86_64/sysroot/usr/include/c++/v1/__memory/shared_ptr.h:1396)
C/C++: >>>               CMakeFiles/worklets.dir/2b1ab6a136c1d0954b923f2da9035b3f/react-native-worklets/Common/cpp/worklets/NativeModules/JSIWorkletsModuleProxy.cpp.o:(std::__ndk1::weak_ptr<worklets::WorkletRuntime>::~weak_ptr())
C/C++: >>> referenced by shared_ptr.h:1396 (C:/Users/Basit Ali/AppData/Local/Android/Sdk/ndk/27.1.12297006/toolchains/llvm/prebuilt/windows-x86_64/sysroot/usr/include/c++/v1/__memory/shared_ptr.h:1396)
C/C++: >>>               CMakeFiles/worklets.dir/D_/Projects/Swiftride/android/node_modules/react-native-worklets/Common/cpp/worklets/RunLoop/EventLoop.cpp.o:(std::__ndk1::weak_ptr<worklets::EventLoop>::~weak_ptr())
C/C++: >>> referenced by shared_ptr.h:1396 (C:/Users/Basit Ali/AppData/Local/Android/Sdk/ndk/27.1.12297006/toolchains/llvm/prebuilt/windows-x86_64/sysroot/usr/include/c++/v1/__memory/shared_ptr.h:1396)
C/C++: >>>               CMakeFiles/worklets.dir/D_/Projects/Swiftride/android/node_modules/react-native-worklets/Common/cpp/worklets/RunLoop/EventLoop.cpp.o:(std::__ndk1::weak_ptr<facebook::jsi::Runtime>::~weak_ptr())
C/C++: >>> referenced 5 more times
C/C++: ld.lld: error: undefined symbol: std::__ndk1::condition_variable::~condition_variable()
C/C++: >>> referenced by SynchronizableAccess.h:8 (D:/Projects/Swiftride/android/node_modules/react-native-worklets/android/../Common/cpp/worklets/SharedItems/SynchronizableAccess.h:8)
C/C++: >>>               CMakeFiles/worklets.dir/D_/Projects/Swiftride/android/node_modules/react-native-worklets/Common/cpp/worklets/SharedItems/Synchronizable.cpp.o:(worklets::SynchronizableAccess::~SynchronizableAccess())
C/C++: >>> referenced by AsyncQueueImpl.h:15 (D:/Projects/Swiftride/android/node_modules/react-native-worklets/android/../Common/cpp/worklets/RunLoop/AsyncQueueImpl.h:15)
C/C++: >>>               CMakeFiles/worklets.dir/D_/Projects/Swiftride/android/node_modules/react-native-worklets/Common/cpp/worklets/RunLoop/AsyncQueueImpl.cpp.o:(worklets::AsyncQueueState::~AsyncQueueState())
C/C++: >>> referenced by shared_mutex:166 (C:/Users/Basit Ali/AppData/Local/Android/Sdk/ndk/27.1.12297006/toolchains/llvm/prebuilt/windows-x86_64/sysroot/usr/include/c++/v1/shared_mutex:166)
C/C++: >>>               CMakeFiles/worklets.dir/2b1ab6a136c1d0954b923f2da9035b3f/react-native-worklets/Common/cpp/worklets/NativeModules/WorkletsModuleProxy.cpp.o:(std::__ndk1::__shared_mutex_base::~__shared_mutex_base[abi:ne180000]())
C/C++: >>> referenced 3 more times
C/C++: ld.lld: error: undefined symbol: std::__ndk1::recursive_mutex::~recursive_mutex()
C/C++: >>> referenced by SynchronizableAccess.h:8 (D:/Projects/Swiftride/android/node_modules/react-native-worklets/android/../Common/cpp/worklets/SharedItems/SynchronizableAccess.h:8)
C/C++: >>>               CMakeFiles/worklets.dir/D_/Projects/Swiftride/android/node_modules/react-native-worklets/Common/cpp/worklets/SharedItems/Synchronizable.cpp.o:(worklets::SynchronizableAccess::~SynchronizableAccess())
C/C++: >>> referenced by construct_at.h:67 (C:/Users/Basit Ali/AppData/Local/Android/Sdk/ndk/27.1.12297006/toolchains/llvm/prebuilt/windows-x86_64/sysroot/usr/include/c++/v1/__memory/construct_at.h:67)
C/C++: >>>               CMakeFiles/worklets.dir/D_/Projects/Swiftride/android/node_modules/react-native-worklets/Common/cpp/worklets/WorkletRuntime/WorkletRuntime.cpp.o:(void std::__ndk1::__destroy_at[abi:ne180000]<std::__ndk1::recursive_mutex, 0>(std::__ndk1::recursive_mutex*))
C/C++: ld.lld: error: undefined symbol: std::__ndk1::mutex::lock()
C/C++: >>> referenced by unique_lock.h:41 (C:/Users/Basit Ali/AppData/Local/Android/Sdk/ndk/27.1.12297006/toolchains/llvm/prebuilt/windows-x86_64/sysroot/usr/include/c++/v1/__mutex/unique_lock.h:41)
C/C++: >>>               CMakeFiles/worklets.dir/D_/Projects/Swiftride/android/node_modules/react-native-worklets/Common/cpp/worklets/RunLoop/AsyncQueueImpl.cpp.o:(std::__ndk1::unique_lock<std::__ndk1::mutex>::unique_lock[abi:ne180000](std::__ndk1::mutex&))
C/C++: >>> referenced by lock_guard.h:35 (C:/Users/Basit Ali/AppData/Local/Android/Sdk/ndk/27.1.12297006/toolchains/llvm/prebuilt/windows-x86_64/sysroot/usr/include/c++/v1/__mutex/lock_guard.h:35)
C/C++: >>>               CMakeFiles/worklets.dir/85327ceb1a9649f37463c5cf709d9573/Common/cpp/worklets/AnimationFrameQueue/AnimationFrameBatchinator.cpp.o:(std::__ndk1::lock_guard<std::__ndk1::mutex>::lock_guard[abi:ne180000](std::__ndk1::mutex&))
C/C++: ld.lld: error: too many errors emitted, stopping now (use --error-limit=0 to see all errors)
C/C++: CLANG_~1: error: linker command failed with exit code 1 (use -v to see invocation)
C/C++: ninja: build stopped: subcommand failed.

> Task :react-native-worklets:buildCMakeDebug[arm64-v8a][worklets] FAILED

[Incubating] Problems report is available at: file:///D:/Projects/Swiftride/android/android/build/reports/problems/problems-report.html
node.exe : 
At line:1 char:1
+ & "C:\Program Files\nodejs/node.exe" "C:\Program Files\nodejs/node_mo ...
+ ~~~~~~~~~~~~~~~~~~~~~~~~~~~~~~~~~~~~~~~~~~~~~~~~~~~~~~~~~~~~~~~~~~~~~
    + CategoryInfo          : NotSpecified: (:String) [], RemoteException
    + FullyQualifiedErrorId : NativeCommandError
 
FAILURE: Build completed with 3 failures.

1: Task failed with an exception.
-----------
* What went wrong:
Execution failed for task ':react-native-screens:buildCMakeDebug[arm64-v8a]'.
> com.android.ide.common.process.ProcessException: ninja: Entering directory 
`D:\Projects\Swiftride\android\node_modules\react-native-screens\android\.cxx\Debug\1k0481zy\arm64-v8a'
  [1/6] Building CXX object 
CMakeFiles/rnscreens.dir/D_/Projects/Swiftride/android/node_modules/react-native-screens/cpp/RNScreensTurboModule.cpp.o
  [2/6] Building CXX object CMakeFiles/rnscreens.dir/src/main/cpp/jni-adapter.cpp.o
  [3/6] Building CXX object CMakeFiles/rnscreens.dir/D_/Projects/Swiftride/android/node_modules/react-native-screens/cp
p/RNSScreenRemovalListener.cpp.o
  [4/6] Building CXX object CMakeFiles/rnscreens.dir/src/main/cpp/OnLoad.cpp.o
  [5/6] Building CXX object CMakeFiles/rnscreens.dir/src/main/cpp/NativeProxy.cpp.o
  [6/6] Linking CXX shared library ..\..\..\..\build\intermediates\cxx\Debug\1k0481zy\obj\arm64-v8a\librnscreens.so
  FAILED: ../../../../build/intermediates/cxx/Debug/1k0481zy/obj/arm64-v8a/librnscreens.so 
  cmd.exe /C "cd . && 
C:\Users\BASITA~1\AppData\Local\Android\Sdk\ndk\271~1.122\TOOLCH~1\llvm\prebuilt\WINDOW~1\bin\CLANG_~1.EXE 
--target=aarch64-none-linux-android24 --sysroot="C:/Users/Basit 
Ali/AppData/Local/Android/Sdk/ndk/27.1.12297006/toolchains/llvm/prebuilt/windows-x86_64/sysroot" -fPIC -g -DANDROID 
-fdata-sections -ffunction-sections -funwind-tables -fstack-protector-strong -no-canonical-prefixes 
-D__BIONIC_NO_PAGE_SIZE_MACRO -D_FORTIFY_SOURCE=2 -Wformat -Werror=format-security   -fno-limit-debug-info  
-Wl,-z,max-page-size=16384 -Wl,--build-id=sha1 -Wl,--no-rosegment -Wl,--no-undefined-version -Wl,--fatal-warnings 
-Wl,--no-undefined -Qunused-arguments -shared -Wl,-soname,librnscreens.so -o 
..\..\..\..\build\intermediates\cxx\Debug\1k0481zy\obj\arm64-v8a\librnscreens.so CMakeFiles/rnscreens.dir/D_/Projects/S
wiftride/android/node_modules/react-native-screens/cpp/RNScreensTurboModule.cpp.o CMakeFiles/rnscreens.dir/D_/Projects/
Swiftride/android/node_modules/react-native-screens/cpp/RNSScreenRemovalListener.cpp.o 
CMakeFiles/rnscreens.dir/src/main/cpp/jni-adapter.cpp.o CMakeFiles/rnscreens.dir/src/main/cpp/NativeProxy.cpp.o 
CMakeFiles/rnscreens.dir/src/main/cpp/OnLoad.cpp.o  "C:/Users/Basit Ali/.gradle/caches/8.14.3/transforms/cde4f30671f0a7
da4501bd6540651233/transformed/react-android-0.81.5-debug/prefab/modules/reactnative/libs/android.arm64-v8a/libreactnat
ive.so"  "C:/Users/Basit Ali/.gradle/caches/8.14.3/transforms/cde4f30671f0a7da4501bd6540651233/transformed/react-androi
d-0.81.5-debug/prefab/modules/jsi/libs/android.arm64-v8a/libjsi.so"  "C:/Users/Basit Ali/.gradle/caches/8.14.3/transfor
ms/1d9b33ce555da17de0d2d1933ef9bfa3/transformed/fbjni-0.7.0/prefab/modules/fbjni/libs/android.arm64-v8a/libfbjni.so"  
-landroid  -latomic -lm && cd ."
  ld.lld: error: undefined symbol: operator delete(void*)
  >>> referenced by RNSScreenRemovalListener.h:9 
(D:/Projects/Swiftride/android/node_modules/react-native-screens/cpp/RNSScreenRemovalListener.h:9)
  >>>               CMakeFiles/rnscreens.dir/D_/Projects/Swiftride/android/node_modules/react-native-screens/cpp/RNSScr
eenRemovalListener.cpp.o:(RNSScreenRemovalListener::~RNSScreenRemovalListener())
  >>> referenced by Hybrid.h:226 (C:/Users/Basit Ali/.gradle/caches/8.14.3/transforms/1d9b33ce555da17de0d2d1933ef9bfa3/
transformed/fbjni-0.7.0/prefab/modules/fbjni/include/fbjni/detail/Hybrid.h:226)
  >>>               CMakeFiles/rnscreens.dir/src/main/cpp/NativeProxy.cpp.o:(facebook::jni::basic_strong_ref<facebook::
jni::detail::HybridData, facebook::jni::LocalReferenceAllocator> facebook::jni::HybridClass<rnscreens::NativeProxy, fac
ebook::jni::detail::BaseHybridClass>::makeCxxInstance<facebook::jni::alias_ref<facebook::jni::detail::JTypeFor<facebook
::jni::HybridClass<rnscreens::NativeProxy, facebook::jni::detail::BaseHybridClass>::JavaPart, facebook::jni::JObject, v
oid>::_javaobject*>&>(facebook::jni::alias_ref<facebook::jni::detail::JTypeFor<facebook::jni::HybridClass<rnscreens::Na
tiveProxy, facebook::jni::detail::BaseHybridClass>::JavaPart, facebook::jni::JObject, void>::_javaobject*>&))
  >>> referenced by RNScreensTurboModule.cpp:25 
(D:/Projects/Swiftride/android/node_modules/react-native-screens/cpp/RNScreensTurboModule.cpp:25)
  >>>               CMakeFiles/rnscreens.dir/D_/Projects/Swiftride/android/node_modules/react-native-screens/cpp/RNScre
ensTurboModule.cpp.o:(RNScreens::RNScreensTurboModule::~RNScreensTurboModule())
  >>> referenced 15 more times
  
  ld.lld: error: undefined symbol: operator new(unsigned long)
  >>> referenced by Hybrid.h:226 (C:/Users/Basit Ali/.gradle/caches/8.14.3/transforms/1d9b33ce555da17de0d2d1933ef9bfa3/
transformed/fbjni-0.7.0/prefab/modules/fbjni/include/fbjni/detail/Hybrid.h:226)
  >>>               CMakeFiles/rnscreens.dir/src/main/cpp/NativeProxy.cpp.o:(facebook::jni::basic_strong_ref<facebook::
jni::detail::HybridData, facebook::jni::LocalReferenceAllocator> facebook::jni::HybridClass<rnscreens::NativeProxy, fac
ebook::jni::detail::BaseHybridClass>::makeCxxInstance<facebook::jni::alias_ref<facebook::jni::detail::JTypeFor<facebook
::jni::HybridClass<rnscreens::NativeProxy, facebook::jni::detail::BaseHybridClass>::JavaPart, facebook::jni::JObject, v
oid>::_javaobject*>&>(facebook::jni::alias_ref<facebook::jni::detail::JTypeFor<facebook::jni::HybridClass<rnscreens::Na
tiveProxy, facebook::jni::detail::BaseHybridClass>::JavaPart, facebook::jni::JObject, void>::_javaobject*>&))
  >>> referenced by new:271 (C:/Users/Basit Ali/AppData/Local/Android/Sdk/ndk/27.1.12297006/toolchains/llvm/prebuilt/wi
ndows-x86_64/sysroot/usr/include/c++/v1/new:271)
  >>>               CMakeFiles/rnscreens.dir/D_/Projects/Swiftride/android/node_modules/react-native-screens/cpp/RNScre
ensTurboModule.cpp.o:(void* std::__ndk1::__libcpp_operator_new[abi:ne180000]<unsigned long>(unsigned long))
  
  ld.lld: error: undefined symbol: std::__ndk1::basic_string<char, std::__ndk1::char_traits<char>, 
std::__ndk1::allocator<char>>::~basic_string()
  >>> referenced by RNScreensTurboModule.cpp:30 
(D:/Projects/Swiftride/android/node_modules/react-native-screens/cpp/RNScreensTurboModule.cpp:30)
  >>>               CMakeFiles/rnscreens.dir/D_/Projects/Swiftride/android/node_modules/react-native-screens/cpp/RNScre
ensTurboModule.cpp.o:(RNScreens::RNScreensTurboModule::get(facebook::jsi::Runtime&, facebook::jsi::PropNameID const&))
  >>> referenced by RNScreensTurboModule.cpp:32 
(D:/Projects/Swiftride/android/node_modules/react-native-screens/cpp/RNScreensTurboModule.cpp:32)
  >>>               CMakeFiles/rnscreens.dir/D_/Projects/Swiftride/android/node_modules/react-native-screens/cpp/RNScre
ensTurboModule.cpp.o:(RNScreens::RNScreensTurboModule::get(facebook::jsi::Runtime&, facebook::jsi::PropNameID const&))
  >>> referenced by RNScreensTurboModule.cpp:34 
(D:/Projects/Swiftride/android/node_modules/react-native-screens/cpp/RNScreensTurboModule.cpp:34)
  >>>               CMakeFiles/rnscreens.dir/D_/Projects/Swiftride/android/node_modules/react-native-screens/cpp/RNScre
ensTurboModule.cpp.o:(RNScreens::RNScreensTurboModule::get(facebook::jsi::Runtime&, facebook::jsi::PropNameID const&))
  >>> referenced 13 more times
  
  ld.lld: error: undefined symbol: std::__ndk1::__shared_weak_count::~__shared_weak_count()
  >>> referenced by shared_ptr.h:263 (C:/Users/Basit Ali/AppData/Local/Android/Sdk/ndk/27.1.12297006/toolchains/llvm/pr
ebuilt/windows-x86_64/sysroot/usr/include/c++/v1/__memory/shared_ptr.h:263)
  >>>               CMakeFiles/rnscreens.dir/src/main/cpp/jni-adapter.cpp.o:(std::__ndk1::__shared_ptr_emplace<RNScreen
s::RNScreensTurboModule, std::__ndk1::allocator<RNScreens::RNScreensTurboModule>>::__shared_ptr_emplace[abi:ne180000]<J
ava_com_swmansion_rnscreens_ScreensModule_nativeInstall::$_0 const&, 
Java_com_swmansion_rnscreens_ScreensModule_nativeInstall::$_1 const&, 
Java_com_swmansion_rnscreens_ScreensModule_nativeInstall::$_2 const&, 
Java_com_swmansion_rnscreens_ScreensModule_nativeInstall::$_3 const&, 
std::__ndk1::allocator<RNScreens::RNScreensTurboModule>, 0>(std::__ndk1::allocator<RNScreens::RNScreensTurboModule>, 
Java_com_swmansion_rnscreens_ScreensModule_nativeInstall::$_0 const&, 
Java_com_swmansion_rnscreens_ScreensModule_nativeInstall::$_1 const&, 
Java_com_swmansion_rnscreens_ScreensModule_nativeInstall::$_2 const&, 
Java_com_swmansion_rnscreens_ScreensModule_nativeInstall::$_3 const&))
  >>> referenced by shared_ptr.h:246 (C:/Users/Basit Ali/AppData/Local/Android/Sdk/ndk/27.1.12297006/toolchains/llvm/pr
ebuilt/windows-x86_64/sysroot/usr/include/c++/v1/__memory/shared_ptr.h:246)
  >>>               CMakeFiles/rnscreens.dir/src/main/cpp/jni-adapter.cpp.o:(std::__ndk1::__shared_ptr_emplace<RNScreen
s::RNScreensTurboModule, std::__ndk1::allocator<RNScreens::RNScreensTurboModule>>::~__shared_ptr_emplace())
  >>> referenced by shared_ptr.h:263 (C:/Users/Basit Ali/AppData/Local/Android/Sdk/ndk/27.1.12297006/toolchains/llvm/pr
ebuilt/windows-x86_64/sysroot/usr/include/c++/v1/__memory/shared_ptr.h:263)
  >>>               
CMakeFiles/rnscreens.dir/src/main/cpp/NativeProxy.cpp.o:(std::__ndk1::__shared_ptr_emplace<RNSScreenRemovalListener, st
d::__ndk1::allocator<RNSScreenRemovalListener>>::__shared_ptr_emplace[abi:ne180000]<rnscreens::NativeProxy::nativeAddMu
tationsListener(facebook::jni::alias_ref<facebook::jni::detail::JTypeFor<facebook::react::JFabricUIManager, 
facebook::jni::JObject, void>::_javaobject*>)::$_0, std::__ndk1::allocator<RNSScreenRemovalListener>, 
0>(std::__ndk1::allocator<RNSScreenRemovalListener>, rnscreens::NativeProxy::nativeAddMutationsListener(facebook::jni::
alias_ref<facebook::jni::detail::JTypeFor<facebook::react::JFabricUIManager, facebook::jni::JObject, 
void>::_javaobject*>)::$_0&&))
  >>> referenced 1 more times
  
  ld.lld: error: undefined symbol: vtable for std::__ndk1::__shared_weak_count
  >>> referenced by shared_ptr.h:169 (C:/Users/Basit Ali/AppData/Local/Android/Sdk/ndk/27.1.12297006/toolchains/llvm/pr
ebuilt/windows-x86_64/sysroot/usr/include/c++/v1/__memory/shared_ptr.h:169)
  >>>               CMakeFiles/rnscreens.dir/src/main/cpp/jni-adapter.cpp.o:(std::__ndk1::__shared_weak_count::__shared
_weak_count[abi:ne180000](long))
  >>> referenced by shared_ptr.h:169 (C:/Users/Basit Ali/AppData/Local/Android/Sdk/ndk/27.1.12297006/toolchains/llvm/pr
ebuilt/windows-x86_64/sysroot/usr/include/c++/v1/__memory/shared_ptr.h:169)
  >>>               CMakeFiles/rnscreens.dir/src/main/cpp/jni-adapter.cpp.o:(std::__ndk1::__shared_weak_count::__shared
_weak_count[abi:ne180000](long))
  >>> the vtable symbol may be undefined because the class is missing its key function (see 
https://lld.llvm.org/missingkeyfunction)
  
  ld.lld: error: undefined symbol: __cxa_allocate_exception
  >>> referenced by References-inl.h:120 (C:/Users/Basit Ali/.gradle/caches/8.14.3/transforms/1d9b33ce555da17de0d2d1933
ef9bfa3/transformed/fbjni-0.7.0/prefab/modules/fbjni/include/fbjni/detail/References-inl.h:120)
  >>>               CMakeFiles/rnscreens.dir/src/main/cpp/NativeProxy.cpp.o:(std::__ndk1::enable_if<IsNonWeakReference<
facebook::jni::alias_ref<facebook::jni::detail::JTypeFor<facebook::jni::HybridClass<rnscreens::NativeProxy, 
facebook::jni::detail::BaseHybridClass>::JavaPart, facebook::jni::JObject, void>::_javaobject*>>(), facebook::jni::refe
rence_traits<facebook::jni::alias_ref<facebook::jni::detail::JTypeFor<facebook::jni::HybridClass<rnscreens::NativeProxy
, facebook::jni::detail::BaseHybridClass>::JavaPart, facebook::jni::JObject, 
void>::_javaobject*>>::plain_jni_reference_t>::type facebook::jni::detail::make_ref<facebook::jni::alias_ref<facebook::
jni::detail::JTypeFor<facebook::jni::HybridClass<rnscreens::NativeProxy, 
facebook::jni::detail::BaseHybridClass>::JavaPart, facebook::jni::JObject, void>::_javaobject*>, facebook::jni::GlobalR
eferenceAllocator>(facebook::jni::alias_ref<facebook::jni::detail::JTypeFor<facebook::jni::HybridClass<rnscreens::Nativ
eProxy, facebook::jni::detail::BaseHybridClass>::JavaPart, facebook::jni::JObject, void>::_javaobject*> const&))
  >>> referenced by RNScreensTurboModule.cpp:61 
(D:/Projects/Swiftride/android/node_modules/react-native-screens/cpp/RNScreensTurboModule.cpp:61)
  >>>               CMakeFiles/rnscreens.dir/D_/Projects/Swiftride/android/node_modules/react-native-screens/cpp/RNScre
ensTurboModule.cpp.o:(RNScreens::RNScreensTurboModule::startTransition(facebook::jsi::Runtime&, facebook::jsi::Value 
const&, facebook::jsi::Value const*, unsigned long))
  >>> referenced by RNScreensTurboModule.cpp:85 
(D:/Projects/Swiftride/android/node_modules/react-native-screens/cpp/RNScreensTurboModule.cpp:85)
  >>>               CMakeFiles/rnscreens.dir/D_/Projects/Swiftride/android/node_modules/react-native-screens/cpp/RNScre
ensTurboModule.cpp.o:(RNScreens::RNScreensTurboModule::updateTransition(facebook::jsi::Runtime&, facebook::jsi::Value 
const&, facebook::jsi::Value const*, unsigned long))
  >>> referenced 5 more times
  
  ld.lld: error: undefined symbol: std::bad_alloc::bad_alloc()
  >>> referenced by References-inl.h:120 (C:/Users/Basit Ali/.gradle/caches/8.14.3/transforms/1d9b33ce555da17de0d2d1933
ef9bfa3/transformed/fbjni-0.7.0/prefab/modules/fbjni/include/fbjni/detail/References-inl.h:120)
  >>>               CMakeFiles/rnscreens.dir/src/main/cpp/NativeProxy.cpp.o:(std::__ndk1::enable_if<IsNonWeakReference<
facebook::jni::alias_ref<facebook::jni::detail::JTypeFor<facebook::jni::HybridClass<rnscreens::NativeProxy, 
facebook::jni::detail::BaseHybridClass>::JavaPart, facebook::jni::JObject, void>::_javaobject*>>(), facebook::jni::refe
rence_traits<facebook::jni::alias_ref<facebook::jni::detail::JTypeFor<facebook::jni::HybridClass<rnscreens::NativeProxy
, facebook::jni::detail::BaseHybridClass>::JavaPart, facebook::jni::JObject, 
void>::_javaobject*>>::plain_jni_reference_t>::type facebook::jni::detail::make_ref<facebook::jni::alias_ref<facebook::
jni::detail::JTypeFor<facebook::jni::HybridClass<rnscreens::NativeProxy, 
facebook::jni::detail::BaseHybridClass>::JavaPart, facebook::jni::JObject, void>::_javaobject*>, facebook::jni::GlobalR
eferenceAllocator>(facebook::jni::alias_ref<facebook::jni::detail::JTypeFor<facebook::jni::HybridClass<rnscreens::Nativ
eProxy, facebook::jni::detail::BaseHybridClass>::JavaPart, facebook::jni::JObject, void>::_javaobject*> const&))
  
  ld.lld: error: undefined symbol: vtable for std::__ndk1::__shared_count
  >>> referenced by shared_ptr.h:145 (C:/Users/Basit Ali/AppData/Local/Android/Sdk/ndk/27.1.12297006/toolchains/llvm/pr
ebuilt/windows-x86_64/sysroot/usr/include/c++/v1/__memory/shared_ptr.h:145)
  >>>               CMakeFiles/rnscreens.dir/src/main/cpp/jni-adapter.cpp.o:(std::__ndk1::__shared_count::__shared_coun
t[abi:ne180000](long))
  >>> referenced by shared_ptr.h:145 (C:/Users/Basit Ali/AppData/Local/Android/Sdk/ndk/27.1.12297006/toolchains/llvm/pr
ebuilt/windows-x86_64/sysroot/usr/include/c++/v1/__memory/shared_ptr.h:145)
  >>>               CMakeFiles/rnscreens.dir/src/main/cpp/jni-adapter.cpp.o:(std::__ndk1::__shared_count::__shared_coun
t[abi:ne180000](long))
  >>> the vtable symbol may be undefined because the class is missing its key function (see 
https://lld.llvm.org/missingkeyfunction)
  
  ld.lld: error: undefined symbol: typeinfo for std::bad_alloc
  >>> referenced by References-inl.h:120 (C:/Users/Basit Ali/.gradle/caches/8.14.3/transforms/1d9b33ce555da17de0d2d1933
ef9bfa3/transformed/fbjni-0.7.0/prefab/modules/fbjni/include/fbjni/detail/References-inl.h:120)
  >>>               CMakeFiles/rnscreens.dir/src/main/cpp/NativeProxy.cpp.o:(std::__ndk1::enable_if<IsNonWeakReference<
facebook::jni::alias_ref<facebook::jni::detail::JTypeFor<facebook::jni::HybridClass<rnscreens::NativeProxy, 
facebook::jni::detail::BaseHybridClass>::JavaPart, facebook::jni::JObject, void>::_javaobject*>>(), facebook::jni::refe
rence_traits<facebook::jni::alias_ref<facebook::jni::detail::JTypeFor<facebook::jni::HybridClass<rnscreens::NativeProxy
, facebook::jni::detail::BaseHybridClass>::JavaPart, facebook::jni::JObject, 
void>::_javaobject*>>::plain_jni_reference_t>::type facebook::jni::detail::make_ref<facebook::jni::alias_ref<facebook::
jni::detail::JTypeFor<facebook::jni::HybridClass<rnscreens::NativeProxy, 
facebook::jni::detail::BaseHybridClass>::JavaPart, facebook::jni::JObject, void>::_javaobject*>, facebook::jni::GlobalR
eferenceAllocator>(facebook::jni::alias_ref<facebook::jni::detail::JTypeFor<facebook::jni::HybridClass<rnscreens::Nativ
eProxy, facebook::jni::detail::BaseHybridClass>::JavaPart, facebook::jni::JObject, void>::_javaobject*> const&))
  >>> referenced by References-inl.h:120 (C:/Users/Basit Ali/.gradle/caches/8.14.3/transforms/1d9b33ce555da17de0d2d1933
ef9bfa3/transformed/fbjni-0.7.0/prefab/modules/fbjni/include/fbjni/detail/References-inl.h:120)
  >>>               CMakeFiles/rnscreens.dir/src/main/cpp/NativeProxy.cpp.o:(std::__ndk1::enable_if<IsNonWeakReference<
facebook::jni::alias_ref<facebook::jni::detail::JTypeFor<facebook::jni::HybridClass<rnscreens::NativeProxy, 
facebook::jni::detail::BaseHybridClass>::JavaPart, facebook::jni::JObject, void>::_javaobject*>>(), facebook::jni::refe
rence_traits<facebook::jni::alias_ref<facebook::jni::detail::JTypeFor<facebook::jni::HybridClass<rnscreens::NativeProxy
, facebook::jni::detail::BaseHybridClass>::JavaPart, facebook::jni::JObject, 
void>::_javaobject*>>::plain_jni_reference_t>::type facebook::jni::detail::make_ref<facebook::jni::alias_ref<facebook::
jni::detail::JTypeFor<facebook::jni::HybridClass<rnscreens::NativeProxy, 
facebook::jni::detail::BaseHybridClass>::JavaPart, facebook::jni::JObject, void>::_javaobject*>, facebook::jni::GlobalR
eferenceAllocator>(facebook::jni::alias_ref<facebook::jni::detail::JTypeFor<facebook::jni::HybridClass<rnscreens::Nativ
eProxy, facebook::jni::detail::BaseHybridClass>::JavaPart, facebook::jni::JObject, void>::_javaobject*> const&))
  
  ld.lld: error: undefined symbol: __cxa_throw
  >>> referenced by RNScreensTurboModule.cpp:61 
(D:/Projects/Swiftride/android/node_modules/react-native-screens/cpp/RNScreensTurboModule.cpp:61)
  >>>               CMakeFiles/rnscreens.dir/D_/Projects/Swiftride/android/node_modules/react-native-screens/cpp/RNScre
ensTurboModule.cpp.o:(RNScreens::RNScreensTurboModule::startTransition(facebook::jsi::Runtime&, facebook::jsi::Value 
const&, facebook::jsi::Value const*, unsigned long))
  >>> referenced by References-inl.h:120 (C:/Users/Basit Ali/.gradle/caches/8.14.3/transforms/1d9b33ce555da17de0d2d1933
ef9bfa3/transformed/fbjni-0.7.0/prefab/modules/fbjni/include/fbjni/detail/References-inl.h:120)
  >>>               CMakeFiles/rnscreens.dir/src/main/cpp/NativeProxy.cpp.o:(std::__ndk1::enable_if<IsNonWeakReference<
facebook::jni::alias_ref<facebook::jni::detail::JTypeFor<facebook::jni::HybridClass<rnscreens::NativeProxy, 
facebook::jni::detail::BaseHybridClass>::JavaPart, facebook::jni::JObject, void>::_javaobject*>>(), facebook::jni::refe
rence_traits<facebook::jni::alias_ref<facebook::jni::detail::JTypeFor<facebook::jni::HybridClass<rnscreens::NativeProxy
, facebook::jni::detail::BaseHybridClass>::JavaPart, facebook::jni::JObject, 
void>::_javaobject*>>::plain_jni_reference_t>::type facebook::jni::detail::make_ref<facebook::jni::alias_ref<facebook::
jni::detail::JTypeFor<facebook::jni::HybridClass<rnscreens::NativeProxy, 
facebook::jni::detail::BaseHybridClass>::JavaPart, facebook::jni::JObject, void>::_javaobject*>, facebook::jni::GlobalR
eferenceAllocator>(facebook::jni::alias_ref<facebook::jni::detail::JTypeFor<facebook::jni::HybridClass<rnscreens::Nativ
eProxy, facebook::jni::detail::BaseHybridClass>::JavaPart, facebook::jni::JObject, void>::_javaobject*> const&))
  >>> referenced by RNScreensTurboModule.cpp:85 
(D:/Projects/Swiftride/android/node_modules/react-native-screens/cpp/RNScreensTurboModule.cpp:85)
  >>>               CMakeFiles/rnscreens.dir/D_/Projects/Swiftride/android/node_modules/react-native-screens/cpp/RNScre
ensTurboModule.cpp.o:(RNScreens::RNScreensTurboModule::updateTransition(facebook::jsi::Runtime&, facebook::jsi::Value 
const&, facebook::jsi::Value const*, unsigned long))
  >>> referenced 5 more times
  
  ld.lld: error: undefined symbol: __cxa_free_exception
  >>> referenced by RNScreensTurboModule.cpp:61 
(D:/Projects/Swiftride/android/node_modules/react-native-screens/cpp/RNScreensTurboModule.cpp:61)
  >>>               CMakeFiles/rnscreens.dir/D_/Projects/Swiftride/android/node_modules/react-native-screens/cpp/RNScre
ensTurboModule.cpp.o:(RNScreens::RNScreensTurboModule::startTransition(facebook::jsi::Runtime&, facebook::jsi::Value 
const&, facebook::jsi::Value const*, unsigned long))
  >>> referenced by RNScreensTurboModule.cpp:85 
(D:/Projects/Swiftride/android/node_modules/react-native-screens/cpp/RNScreensTurboModule.cpp:85)
  >>>               CMakeFiles/rnscreens.dir/D_/Projects/Swiftride/android/node_modules/react-native-screens/cpp/RNScre
ensTurboModule.cpp.o:(RNScreens::RNScreensTurboModule::updateTransition(facebook::jsi::Runtime&, facebook::jsi::Value 
const&, facebook::jsi::Value const*, unsigned long))
  >>> referenced by RNScreensTurboModule.cpp:96 
(D:/Projects/Swiftride/android/node_modules/react-native-screens/cpp/RNScreensTurboModule.cpp:96)
  >>>               CMakeFiles/rnscreens.dir/D_/Projects/Swiftride/android/node_modules/react-native-screens/cpp/RNScre
ensTurboModule.cpp.o:(RNScreens::RNScreensTurboModule::finishTransition(facebook::jsi::Runtime&, facebook::jsi::Value 
const&, facebook::jsi::Value const*, unsigned long))
  >>> referenced 2 more times
  
  ld.lld: error: undefined symbol: std::bad_alloc::~bad_alloc()
  >>> referenced by References-inl.h:120 (C:/Users/Basit Ali/.gradle/caches/8.14.3/transforms/1d9b33ce555da17de0d2d1933
ef9bfa3/transformed/fbjni-0.7.0/prefab/modules/fbjni/include/fbjni/detail/References-inl.h:120)
  >>>               CMakeFiles/rnscreens.dir/src/main/cpp/NativeProxy.cpp.o:(std::__ndk1::enable_if<IsNonWeakReference<
facebook::jni::alias_ref<facebook::jni::detail::JTypeFor<facebook::jni::HybridClass<rnscreens::NativeProxy, 
facebook::jni::detail::BaseHybridClass>::JavaPart, facebook::jni::JObject, void>::_javaobject*>>(), facebook::jni::refe
rence_traits<facebook::jni::alias_ref<facebook::jni::detail::JTypeFor<facebook::jni::HybridClass<rnscreens::NativeProxy
, facebook::jni::detail::BaseHybridClass>::JavaPart, facebook::jni::JObject, 
void>::_javaobject*>>::plain_jni_reference_t>::type facebook::jni::detail::make_ref<facebook::jni::alias_ref<facebook::
jni::detail::JTypeFor<facebook::jni::HybridClass<rnscreens::NativeProxy, 
facebook::jni::detail::BaseHybridClass>::JavaPart, facebook::jni::JObject, void>::_javaobject*>, facebook::jni::GlobalR
eferenceAllocator>(facebook::jni::alias_ref<facebook::jni::detail::JTypeFor<facebook::jni::HybridClass<rnscreens::Nativ
eProxy, facebook::jni::detail::BaseHybridClass>::JavaPart, facebook::jni::JObject, void>::_javaobject*> const&))
  >>> referenced by References-inl.h:120 (C:/Users/Basit Ali/.gradle/caches/8.14.3/transforms/1d9b33ce555da17de0d2d1933
ef9bfa3/transformed/fbjni-0.7.0/prefab/modules/fbjni/include/fbjni/detail/References-inl.h:120)
  >>>               CMakeFiles/rnscreens.dir/src/main/cpp/NativeProxy.cpp.o:(std::__ndk1::enable_if<IsNonWeakReference<
facebook::jni::alias_ref<facebook::jni::detail::JTypeFor<facebook::jni::HybridClass<rnscreens::NativeProxy, 
facebook::jni::detail::BaseHybridClass>::JavaPart, facebook::jni::JObject, void>::_javaobject*>>(), facebook::jni::refe
rence_traits<facebook::jni::alias_ref<facebook::jni::detail::JTypeFor<facebook::jni::HybridClass<rnscreens::NativeProxy
, facebook::jni::detail::BaseHybridClass>::JavaPart, facebook::jni::JObject, 
void>::_javaobject*>>::plain_jni_reference_t>::type facebook::jni::detail::make_ref<facebook::jni::alias_ref<facebook::
jni::detail::JTypeFor<facebook::jni::HybridClass<rnscreens::NativeProxy, 
facebook::jni::detail::BaseHybridClass>::JavaPart, facebook::jni::JObject, void>::_javaobject*>, facebook::jni::GlobalR
eferenceAllocator>(facebook::jni::alias_ref<facebook::jni::detail::JTypeFor<facebook::jni::HybridClass<rnscreens::Nativ
eProxy, facebook::jni::detail::BaseHybridClass>::JavaPart, facebook::jni::JObject, void>::_javaobject*> const&))
  
  ld.lld: error: undefined symbol: vtable for __cxxabiv1::__class_type_info
  >>> referenced by OnLoad.cpp
  >>>               CMakeFiles/rnscreens.dir/src/main/cpp/OnLoad.cpp.o:(typeinfo for 
std::__ndk1::__function::__base<void ()>)
  >>> referenced by RNSScreenRemovalListener.cpp
  >>>               CMakeFiles/rnscreens.dir/D_/Projects/Swiftride/android/node_modules/react-native-screens/cpp/RNSScr
eenRemovalListener.cpp.o:(typeinfo for facebook::react::MountingOverrideDelegate)
  >>> referenced by OnLoad.cpp
  >>>               CMakeFiles/rnscreens.dir/src/main/cpp/OnLoad.cpp.o:(typeinfo for JNI_OnLoad::$_0)
  >>> referenced 13 more times
  >>> the vtable symbol may be undefined because the class is missing its key function (see 
https://lld.llvm.org/missingkeyfunction)
  
  ld.lld: error: undefined symbol: vtable for __cxxabiv1::__si_class_type_info
  >>> referenced by OnLoad.cpp
  >>>               CMakeFiles/rnscreens.dir/src/main/cpp/OnLoad.cpp.o:(typeinfo for 
std::__ndk1::__function::__func<JNI_OnLoad::$_0, std::__ndk1::allocator<JNI_OnLoad::$_0>, void ()>)
  >>> referenced by RNSScreenRemovalListener.cpp
  >>>               CMakeFiles/rnscreens.dir/D_/Projects/Swiftride/android/node_modules/react-native-screens/cpp/RNSScr
eenRemovalListener.cpp.o:(typeinfo for RNSScreenRemovalListener)
  >>> referenced by jni-adapter.cpp
  >>>               CMakeFiles/rnscreens.dir/src/main/cpp/jni-adapter.cpp.o:(typeinfo for 
std::__ndk1::__shared_ptr_emplace<RNScreens::RNScreensTurboModule, 
std::__ndk1::allocator<RNScreens::RNScreensTurboModule>>)
  >>> referenced 12 more times
  >>> the vtable symbol may be undefined because the class is missing its key function (see 
https://lld.llvm.org/missingkeyfunction)
  
  ld.lld: error: undefined symbol: std::__ndk1::__shared_weak_count::__release_weak()
  >>> referenced by shared_ptr.h:184 (C:/Users/Basit Ali/AppData/Local/Android/Sdk/ndk/27.1.12297006/toolchains/llvm/pr
ebuilt/windows-x86_64/sysroot/usr/include/c++/v1/__memory/shared_ptr.h:184)
  >>>               CMakeFiles/rnscreens.dir/D_/Projects/Swiftride/android/node_modules/react-native-screens/cpp/RNSScr
eenRemovalListener.cpp.o:(std::__ndk1::__shared_weak_count::__release_shared[abi:ne180000]())
  >>> referenced by shared_ptr.h:1396 (C:/Users/Basit Ali/AppData/Local/Android/Sdk/ndk/27.1.12297006/toolchains/llvm/p
rebuilt/windows-x86_64/sysroot/usr/include/c++/v1/__memory/shared_ptr.h:1396)
  >>>               CMakeFiles/rnscreens.dir/src/main/cpp/NativeProxy.cpp.o:(std::__ndk1::weak_ptr<facebook::react::Mou
ntingOverrideDelegate const>::~weak_ptr())
  
  ld.lld: error: undefined symbol: __cxa_pure_virtual
  >>> referenced by OnLoad.cpp
  >>>               CMakeFiles/rnscreens.dir/src/main/cpp/OnLoad.cpp.o:(vtable for 
std::__ndk1::__function::__base<void ()>)
  >>> referenced by OnLoad.cpp
  >>>               CMakeFiles/rnscreens.dir/src/main/cpp/OnLoad.cpp.o:(vtable for 
std::__ndk1::__function::__base<void ()>)
  >>> referenced by OnLoad.cpp
  >>>               CMakeFiles/rnscreens.dir/src/main/cpp/OnLoad.cpp.o:(vtable for 
std::__ndk1::__function::__base<void ()>)
  >>> referenced 48 more times
  
  ld.lld: error: undefined symbol: std::__ndk1::basic_string<char, std::__ndk1::char_traits<char>, 
std::__ndk1::allocator<char>>::__init(char const*, unsigned long)
  >>> referenced by string:971 (C:/Users/Basit Ali/AppData/Local/Android/Sdk/ndk/27.1.12297006/toolchains/llvm/prebuilt
/windows-x86_64/sysroot/usr/include/c++/v1/string:971)
  >>>               CMakeFiles/rnscreens.dir/src/main/cpp/NativeProxy.cpp.o:(std::__ndk1::basic_string<char, 
std::__ndk1::char_traits<char>, std::__ndk1::allocator<char>>::basic_string[abi:ne180000](char const*, unsigned long))
  >>> referenced by string:954 (C:/Users/Basit Ali/AppData/Local/Android/Sdk/ndk/27.1.12297006/toolchains/llvm/prebuilt
/windows-x86_64/sysroot/usr/include/c++/v1/string:954)
  >>>               CMakeFiles/rnscreens.dir/D_/Projects/Swiftride/android/node_modules/react-native-screens/cpp/RNScre
ensTurboModule.cpp.o:(std::__ndk1::basic_string<char, std::__ndk1::char_traits<char>, 
std::__ndk1::allocator<char>>::basic_string[abi:ne180000]<0>(char const*))
  
  ld.lld: error: undefined symbol: __cxa_begin_catch
  >>> referenced by Registration-inl.h:97 (C:/Users/Basit Ali/.gradle/caches/8.14.3/transforms/1d9b33ce555da17de0d2d193
3ef9bfa3/transformed/fbjni-0.7.0/prefab/modules/fbjni/include/fbjni/detail/Registration-inl.h:97)
  >>>               CMakeFiles/rnscreens.dir/src/main/cpp/NativeProxy.cpp.o:(facebook::jni::detail::FunctionWrapper<fac
ebook::jni::basic_strong_ref<facebook::jni::detail::JTypeFor<facebook::jni::detail::HybridData, 
facebook::jni::JObject, void>::_javaobject*, facebook::jni::LocalReferenceAllocator> 
(*)(facebook::jni::alias_ref<facebook::jni::detail::JTypeFor<facebook::jni::HybridClass<rnscreens::NativeProxy, 
facebook::jni::detail::BaseHybridClass>::JavaPart, facebook::jni::JObject, void>::_javaobject*>), 
facebook::jni::detail::JTypeFor<facebook::jni::HybridClass<rnscreens::NativeProxy, 
facebook::jni::detail::BaseHybridClass>::JavaPart, facebook::jni::JObject, void>::_javaobject*, 
facebook::jni::basic_strong_ref<facebook::jni::detail::JTypeFor<facebook::jni::detail::HybridData, 
facebook::jni::JObject, void>::_javaobject*, facebook::jni::LocalReferenceAllocator>>::call(_JNIEnv*, _jobject*, 
facebook::jni::basic_strong_ref<facebook::jni::detail::JTypeFor<facebook::jni::detail::HybridData, 
facebook::jni::JObject, void>::_javaobject*, facebook::jni::LocalReferenceAllocator> 
(*)(facebook::jni::alias_ref<facebook::jni::detail::JTypeFor<facebook::jni::HybridClass<rnscreens::NativeProxy, 
facebook::jni::detail::BaseHybridClass>::JavaPart, facebook::jni::JObject, void>::_javaobject*>)))
  >>> referenced by Registration-inl.h:97 (C:/Users/Basit Ali/.gradle/caches/8.14.3/transforms/1d9b33ce555da17de0d2d193
3ef9bfa3/transformed/fbjni-0.7.0/prefab/modules/fbjni/include/fbjni/detail/Registration-inl.h:97)
  >>>               
CMakeFiles/rnscreens.dir/src/main/cpp/NativeProxy.cpp.o:(facebook::jni::detail::FunctionWrapper<void 
(*)(facebook::jni::alias_ref<facebook::jni::detail::JTypeFor<facebook::jni::HybridClass<rnscreens::NativeProxy, 
facebook::jni::detail::BaseHybridClass>::JavaPart, facebook::jni::JObject, void>::_javaobject*>, 
facebook::jni::alias_ref<facebook::jni::detail::JTypeFor<facebook::react::JFabricUIManager, facebook::jni::JObject, 
void>::_javaobject*>&&), facebook::jni::detail::JTypeFor<facebook::jni::HybridClass<rnscreens::NativeProxy, 
facebook::jni::detail::BaseHybridClass>::JavaPart, facebook::jni::JObject, void>::_javaobject*, void, 
facebook::jni::alias_ref<facebook::jni::detail::JTypeFor<facebook::react::JFabricUIManager, facebook::jni::JObject, 
void>::_javaobject*>>::call(_JNIEnv*, _jobject*, facebook::jni::detail::JTypeFor<facebook::react::JFabricUIManager, 
facebook::jni::JObject, void>::_javaobject*, void 
(*)(facebook::jni::alias_ref<facebook::jni::detail::JTypeFor<facebook::jni::HybridClass<rnscreens::NativeProxy, 
facebook::jni::detail::BaseHybridClass>::JavaPart, facebook::jni::JObject, void>::_javaobject*>, 
facebook::jni::alias_ref<facebook::jni::detail::JTypeFor<facebook::react::JFabricUIManager, facebook::jni::JObject, 
void>::_javaobject*>&&)))
  >>> referenced by Registration-inl.h:130 (C:/Users/Basit Ali/.gradle/caches/8.14.3/transforms/1d9b33ce555da17de0d2d19
33ef9bfa3/transformed/fbjni-0.7.0/prefab/modules/fbjni/include/fbjni/detail/Registration-inl.h:130)
  >>>               CMakeFiles/rnscreens.dir/src/main/cpp/NativeProxy.cpp.o:(facebook::jni::detail::MethodWrapper<void 
(rnscreens::NativeProxy::*)(facebook::jni::alias_ref<facebook::jni::detail::JTypeFor<facebook::react::JFabricUIManager,
 facebook::jni::JObject, void>::_javaobject*>), &rnscreens::NativeProxy::nativeAddMutationsListener(facebook::jni::alia
s_ref<facebook::jni::detail::JTypeFor<facebook::react::JFabricUIManager, facebook::jni::JObject, 
void>::_javaobject*>), rnscreens::NativeProxy, void, 
facebook::jni::alias_ref<facebook::jni::detail::JTypeFor<facebook::react::JFabricUIManager, facebook::jni::JObject, voi
d>::_javaobject*>>::dispatch(facebook::jni::alias_ref<facebook::jni::detail::JTypeFor<facebook::jni::HybridClass<rnscre
ens::NativeProxy, facebook::jni::detail::BaseHybridClass>::JavaPart, facebook::jni::JObject, void>::_javaobject*>, 
facebook::jni::alias_ref<facebook::jni::detail::JTypeFor<facebook::react::JFabricUIManager, facebook::jni::JObject, 
void>::_javaobject*>&&))
  >>> referenced 3 more times
  
  ld.lld: error: undefined symbol: __cxa_end_catch
  >>> referenced by Registration-inl.h:100 (C:/Users/Basit Ali/.gradle/caches/8.14.3/transforms/1d9b33ce555da17de0d2d19
33ef9bfa3/transformed/fbjni-0.7.0/prefab/modules/fbjni/include/fbjni/detail/Registration-inl.h:100)
  >>>               CMakeFiles/rnscreens.dir/src/main/cpp/NativeProxy.cpp.o:(facebook::jni::detail::FunctionWrapper<fac
ebook::jni::basic_strong_ref<facebook::jni::detail::JTypeFor<facebook::jni::detail::HybridData, 
facebook::jni::JObject, void>::_javaobject*, facebook::jni::LocalReferenceAllocator> 
(*)(facebook::jni::alias_ref<facebook::jni::detail::JTypeFor<facebook::jni::HybridClass<rnscreens::NativeProxy, 
facebook::jni::detail::BaseHybridClass>::JavaPart, facebook::jni::JObject, void>::_javaobject*>), 
facebook::jni::detail::JTypeFor<facebook::jni::HybridClass<rnscreens::NativeProxy, 
facebook::jni::detail::BaseHybridClass>::JavaPart, facebook::jni::JObject, void>::_javaobject*, 
facebook::jni::basic_strong_ref<facebook::jni::detail::JTypeFor<facebook::jni::detail::HybridData, 
facebook::jni::JObject, void>::_javaobject*, facebook::jni::LocalReferenceAllocator>>::call(_JNIEnv*, _jobject*, 
facebook::jni::basic_strong_ref<facebook::jni::detail::JTypeFor<facebook::jni::detail::HybridData, 
facebook::jni::JObject, void>::_javaobject*, facebook::jni::LocalReferenceAllocator> 
(*)(facebook::jni::alias_ref<facebook::jni::detail::JTypeFor<facebook::jni::HybridClass<rnscreens::NativeProxy, 
facebook::jni::detail::BaseHybridClass>::JavaPart, facebook::jni::JObject, void>::_javaobject*>)))
  >>> referenced by Registration-inl.h:100 (C:/Users/Basit Ali/.gradle/caches/8.14.3/transforms/1d9b33ce555da17de0d2d19
33ef9bfa3/transformed/fbjni-0.7.0/prefab/modules/fbjni/include/fbjni/detail/Registration-inl.h:100)
  >>>               CMakeFiles/rnscreens.dir/src/main/cpp/NativeProxy.cpp.o:(facebook::jni::detail::FunctionWrapper<fac
ebook::jni::basic_strong_ref<facebook::jni::detail::JTypeFor<facebook::jni::detail::HybridData, 
facebook::jni::JObject, void>::_javaobject*, facebook::jni::LocalReferenceAllocator> 
(*)(facebook::jni::alias_ref<facebook::jni::detail::JTypeFor<facebook::jni::HybridClass<rnscreens::NativeProxy, 
facebook::jni::detail::BaseHybridClass>::JavaPart, facebook::jni::JObject, void>::_javaobject*>), 
facebook::jni::detail::JTypeFor<facebook::jni::HybridClass<rnscreens::NativeProxy, 
facebook::jni::detail::BaseHybridClass>::JavaPart, facebook::jni::JObject, void>::_javaobject*, 
facebook::jni::basic_strong_ref<facebook::jni::detail::JTypeFor<facebook::jni::detail::HybridData, 
facebook::jni::JObject, void>::_javaobject*, facebook::jni::LocalReferenceAllocator>>::call(_JNIEnv*, _jobject*, 
facebook::jni::basic_strong_ref<facebook::jni::detail::JTypeFor<facebook::jni::detail::HybridData, 
facebook::jni::JObject, void>::_javaobject*, facebook::jni::LocalReferenceAllocator> 
(*)(facebook::jni::alias_ref<facebook::jni::detail::JTypeFor<facebook::jni::HybridClass<rnscreens::NativeProxy, 
facebook::jni::detail::BaseHybridClass>::JavaPart, facebook::jni::JObject, void>::_javaobject*>)))
  >>> referenced by Registration-inl.h:100 (C:/Users/Basit Ali/.gradle/caches/8.14.3/transforms/1d9b33ce555da17de0d2d19
33ef9bfa3/transformed/fbjni-0.7.0/prefab/modules/fbjni/include/fbjni/detail/Registration-inl.h:100)
  >>>               
CMakeFiles/rnscreens.dir/src/main/cpp/NativeProxy.cpp.o:(facebook::jni::detail::FunctionWrapper<void 
(*)(facebook::jni::alias_ref<facebook::jni::detail::JTypeFor<facebook::jni::HybridClass<rnscreens::NativeProxy, 
facebook::jni::detail::BaseHybridClass>::JavaPart, facebook::jni::JObject, void>::_javaobject*>, 
facebook::jni::alias_ref<facebook::jni::detail::JTypeFor<facebook::react::JFabricUIManager, facebook::jni::JObject, 
void>::_javaobject*>&&), facebook::jni::detail::JTypeFor<facebook::jni::HybridClass<rnscreens::NativeProxy, 
facebook::jni::detail::BaseHybridClass>::JavaPart, facebook::jni::JObject, void>::_javaobject*, void, 
facebook::jni::alias_ref<facebook::jni::detail::JTypeFor<facebook::react::JFabricUIManager, facebook::jni::JObject, 
void>::_javaobject*>>::call(_JNIEnv*, _jobject*, facebook::jni::detail::JTypeFor<facebook::react::JFabricUIManager, 
facebook::jni::JObject, void>::_javaobject*, void 
(*)(facebook::jni::alias_ref<facebook::jni::detail::JTypeFor<facebook::jni::HybridClass<rnscreens::NativeProxy, 
facebook::jni::detail::BaseHybridClass>::JavaPart, facebook::jni::JObject, void>::_javaobject*>, 
facebook::jni::alias_ref<facebook::jni::detail::JTypeFor<facebook::react::JFabricUIManager, facebook::jni::JObject, 
void>::_javaobject*>&&)))
  >>> referenced 5 more times
  
  ld.lld: error: undefined symbol: std::current_exception()
  >>> referenced by Registration-inl.h:131 (C:/Users/Basit Ali/.gradle/caches/8.14.3/transforms/1d9b33ce555da17de0d2d19
33ef9bfa3/transformed/fbjni-0.7.0/prefab/modules/fbjni/include/fbjni/detail/Registration-inl.h:131)
  >>>               CMakeFiles/rnscreens.dir/src/main/cpp/NativeProxy.cpp.o:(facebook::jni::detail::MethodWrapper<void 
(rnscreens::NativeProxy::*)(facebook::jni::alias_ref<facebook::jni::detail::JTypeFor<facebook::react::JFabricUIManager,
 facebook::jni::JObject, void>::_javaobject*>), &rnscreens::NativeProxy::nativeAddMutationsListener(facebook::jni::alia
s_ref<facebook::jni::detail::JTypeFor<facebook::react::JFabricUIManager, facebook::jni::JObject, 
void>::_javaobject*>), rnscreens::NativeProxy, void, 
facebook::jni::alias_ref<facebook::jni::detail::JTypeFor<facebook::react::JFabricUIManager, facebook::jni::JObject, voi
d>::_javaobject*>>::dispatch(facebook::jni::alias_ref<facebook::jni::detail::JTypeFor<facebook::jni::HybridClass<rnscre
ens::NativeProxy, facebook::jni::detail::BaseHybridClass>::JavaPart, facebook::jni::JObject, void>::_javaobject*>, 
facebook::jni::alias_ref<facebook::jni::detail::JTypeFor<facebook::react::JFabricUIManager, facebook::jni::JObject, 
void>::_javaobject*>&&))
  >>> referenced by Registration-inl.h:131 (C:/Users/Basit Ali/.gradle/caches/8.14.3/transforms/1d9b33ce555da17de0d2d19
33ef9bfa3/transformed/fbjni-0.7.0/prefab/modules/fbjni/include/fbjni/detail/Registration-inl.h:131)
  >>>               CMakeFiles/rnscreens.dir/src/main/cpp/NativeProxy.cpp.o:(facebook::jni::detail::MethodWrapper<void 
(rnscreens::NativeProxy::*)(), &rnscreens::NativeProxy::invalidateNative(), rnscreens::NativeProxy, void>::dispatch(fac
ebook::jni::alias_ref<facebook::jni::detail::JTypeFor<facebook::jni::HybridClass<rnscreens::NativeProxy, 
facebook::jni::detail::BaseHybridClass>::JavaPart, facebook::jni::JObject, void>::_javaobject*>))
  
  ld.lld: error: too many errors emitted, stopping now (use --error-limit=0 to see all errors)
  CLANG_~1: error: linker command failed with exit code 1 (use -v to see invocation)
  ninja: build stopped: subcommand failed.
  
  C++ build system [build] failed while executing:
      @echo off
      "C:\\Users\\Basit Ali\\AppData\\Local\\Android\\Sdk\\cmake\\3.22.1\\bin\\ninja.exe" ^
        -C ^
        
"D:\\Projects\\Swiftride\\android\\node_modules\\react-native-screens\\android\\.cxx\\Debug\\1k0481zy\\arm64-v8a" ^
        rnscreens
    from D:\Projects\Swiftride\android\node_modules\react-native-screens\android

* Try:
> Run with --stacktrace option to get the stack trace.
> Run with --info or --debug option to get more log output.
> Run with --scan to get full insights.
> Get more help at https://help.gradle.org.
==============================================================================

2: Task failed with an exception.
-----------
* What went wrong:
Execution failed for task ':expo-modules-core:buildCMakeDebug[arm64-v8a]'.
> com.android.ide.common.process.ProcessException: ninja: Entering directory 
`D:\Projects\Swiftride\android\node_modules\expo-modules-core\android\.cxx\Debug\3i6w6g4u\arm64-v8a'
  [1/49] Building CXX object src/fabric/CMakeFiles/fabric.dir/cmake_pch.hxx.pch
  [2/49] Building CXX object CMakeFiles/expo-modules-core.dir/cmake_pch.hxx.pch
  [3/49] Building CXX object CMakeFiles/expo-modules-core.dir/D_/Projects/Swiftride/android/node_modules/expo-modules-c
ore/common/cpp/SharedRef.cpp.o
  [4/49] Building CXX object CMakeFiles/expo-modules-core.dir/D_/Projects/Swiftride/android/node_modules/expo-modules-c
ore/common/cpp/NativeModule.cpp.o
  [5/49] Building CXX object CMakeFiles/expo-modules-core.dir/D_/Projects/Swiftride/android/node_modules/expo-modules-c
ore/common/cpp/ObjectDeallocator.cpp.o
  [6/49] Building CXX object CMakeFiles/expo-modules-core.dir/src/main/cpp/JNIDeallocator.cpp.o
  [7/49] Building CXX object CMakeFiles/expo-modules-core.dir/D_/Projects/Swiftride/android/node_modules/expo-modules-c
ore/common/cpp/TypedArray.cpp.o
  [8/49] Building CXX object CMakeFiles/expo-modules-core.dir/D_/Projects/Swiftride/android/node_modules/expo-modules-c
ore/common/cpp/SharedObject.cpp.o
  [9/49] Building CXX object CMakeFiles/expo-modules-core.dir/src/main/cpp/JNIFunctionBody.cpp.o
  [10/49] Building CXX object CMakeFiles/expo-modules-core.dir/src/main/cpp/JSReferencesCache.cpp.o
  [11/49] Building CXX object CMakeFiles/expo-modules-core.dir/src/main/cpp/Exceptions.cpp.o
  [12/49] Building CXX object CMakeFiles/expo-modules-core.dir/src/main/cpp/JSharedObject.cpp.o
  [13/49] Building CXX object src/fabric/CMakeFiles/fabric.dir/D_/Projects/Swiftride/android/node_modules/expo-modules-
core/common/cpp/fabric/ExpoViewEventEmitter.cpp.o
  [14/49] Building CXX object CMakeFiles/expo-modules-core.dir/src/main/cpp/JNIInjector.cpp.o
  [15/49] Building CXX object CMakeFiles/expo-modules-core.dir/src/main/cpp/ExpoModulesHostObject.cpp.o
  [16/49] Building CXX object CMakeFiles/expo-modules-core.dir/src/main/cpp/JavaReferencesCache.cpp.o
  [17/49] Building CXX object CMakeFiles/expo-modules-core.dir/src/main/cpp/JavaScriptModuleObject.cpp.o
  [18/49] Building CXX object CMakeFiles/expo-modules-core.dir/src/main/cpp/JavaScriptTypedArray.cpp.o
  [19/49] Building CXX object CMakeFiles/expo-modules-core.dir/src/main/cpp/JavaScriptFunction.cpp.o
  [20/49] Building CXX object CMakeFiles/expo-modules-core.dir/src/main/cpp/JavaScriptWeakObject.cpp.o
  [21/49] Building CXX object CMakeFiles/expo-modules-core.dir/src/main/cpp/JavaScriptRuntime.cpp.o
  [22/49] Building CXX object CMakeFiles/expo-modules-core.dir/src/main/cpp/JavaScriptValue.cpp.o
  [23/49] Building CXX object src/fabric/CMakeFiles/fabric.dir/D_/Projects/Swiftride/android/node_modules/expo-modules-
core/common/cpp/fabric/ExpoViewProps.cpp.o
  [24/49] Building CXX object src/fabric/CMakeFiles/fabric.dir/D_/Projects/Swiftride/android/node_modules/expo-modules-
core/common/cpp/fabric/ExpoViewShadowNode.cpp.o
  [25/49] Building CXX object CMakeFiles/expo-modules-core.dir/src/main/cpp/JSIContext.cpp.o
  [26/49] Building CXX object CMakeFiles/expo-modules-core.dir/src/main/cpp/JNIUtils.cpp.o
  [27/49] Building CXX object CMakeFiles/expo-modules-core.dir/src/main/cpp/WeakRuntimeHolder.cpp.o
  [28/49] Building CXX object src/fabric/CMakeFiles/fabric.dir/FabricComponentsRegistry.cpp.o
  [29/49] Building CXX object CMakeFiles/expo-modules-core.dir/src/main/cpp/JavaScriptObject.cpp.o
  [30/49] Building CXX object CMakeFiles/expo-modules-core.dir/src/main/cpp/types/AnyType.cpp.o
  [31/49] Building CXX object CMakeFiles/expo-modules-core.dir/src/main/cpp/RuntimeHolder.cpp.o
  [32/49] Building CXX object CMakeFiles/expo-modules-core.dir/src/main/cpp/types/ExpectedType.cpp.o
  [33/49] Building CXX object CMakeFiles/expo-modules-core.dir/src/main/cpp/MethodMetadata.cpp.o
  [34/49] Building CXX object CMakeFiles/expo-modules-core.dir/D_/Projects/Swiftride/android/node_modules/expo-modules-
core/common/cpp/LazyObject.cpp.o
  [35/49] Building CXX object CMakeFiles/expo-modules-core.dir/src/main/cpp/types/FrontendConverter.cpp.o
  [36/49] Building CXX object src/fabric/CMakeFiles/fabric.dir/D_/Projects/Swiftride/android/node_modules/expo-modules-
core/common/cpp/fabric/ExpoViewComponentDescriptor.cpp.o
  [37/49] Building CXX object CMakeFiles/expo-modules-core.dir/src/main/cpp/decorators/JSPropertiesDecorator.cpp.o
  [38/49] Building CXX object CMakeFiles/expo-modules-core.dir/src/main/cpp/decorators/JSFunctionsDecorator.cpp.o
  [39/49] Building CXX object CMakeFiles/expo-modules-core.dir/src/main/cpp/decorators/JSObjectDecorator.cpp.o
  [40/49] Linking CXX static library src\fabric\libfabric.a
  [41/49] Building CXX object CMakeFiles/expo-modules-core.dir/src/main/cpp/types/FrontendConverterProvider.cpp.o
  [42/49] Building CXX object 
CMakeFiles/expo-modules-core.dir/D_/Projects/Swiftride/android/node_modules/expo-modules-core/common/cpp/JSIUtils.cpp.o
  [43/49] Building CXX object CMakeFiles/expo-modules-core.dir/src/main/cpp/decorators/JSDecoratorsBridgingObject.cpp.o
  [44/49] Building CXX object CMakeFiles/expo-modules-core.dir/src/main/cpp/JavaCallback.cpp.o
  [45/49] Building CXX object CMakeFiles/expo-modules-core.dir/src/main/cpp/decorators/JSClassesDecorator.cpp.o
  [46/49] Building CXX object CMakeFiles/expo-modules-core.dir/src/main/cpp/types/JNIToJSIConverter.cpp.o
  [47/49] Building CXX object CMakeFiles/expo-modules-core.dir/src/main/cpp/decorators/JSConstantsDecorator.cpp.o
  [48/49] Building CXX object CMakeFiles/expo-modules-core.dir/D_/Projects/Swiftride/android/node_modules/expo-modules-
core/common/cpp/EventEmitter.cpp.o
  [49/49] Linking CXX shared library 
..\..\..\..\build\intermediates\cxx\Debug\3i6w6g4u\obj\arm64-v8a\libexpo-modules-core.so
  FAILED: ../../../../build/intermediates/cxx/Debug/3i6w6g4u/obj/arm64-v8a/libexpo-modules-core.so 
  cmd.exe /C "cd . && 
C:\Users\BASITA~1\AppData\Local\Android\Sdk\ndk\271~1.122\TOOLCH~1\llvm\prebuilt\WINDOW~1\bin\CLANG_~1.EXE 
--target=aarch64-none-linux-android24 --sysroot="C:/Users/Basit 
Ali/AppData/Local/Android/Sdk/ndk/27.1.12297006/toolchains/llvm/prebuilt/windows-x86_64/sysroot" -fPIC -g -DANDROID 
-fdata-sections -ffunction-sections -funwind-tables -fstack-protector-strong -no-canonical-prefixes 
-D__BIONIC_NO_PAGE_SIZE_MACRO -D_FORTIFY_SOURCE=2 -Wformat -Werror=format-security   -DREACT_NATIVE_TARGET_VERSION=81 
-fno-limit-debug-info  -Wl,-z,max-page-size=16384 -Wl,--build-id=sha1 -Wl,--no-rosegment -Wl,--no-undefined-version 
-Wl,--fatal-warnings -Wl,--no-undefined -Qunused-arguments -shared -Wl,-soname,libexpo-modules-core.so -o 
..\..\..\..\build\intermediates\cxx\Debug\3i6w6g4u\obj\arm64-v8a\libexpo-modules-core.so CMakeFiles/expo-modules-core.d
ir/D_/Projects/Swiftride/android/node_modules/expo-modules-core/common/cpp/EventEmitter.cpp.o CMakeFiles/expo-modules-c
ore.dir/D_/Projects/Swiftride/android/node_modules/expo-modules-core/common/cpp/JSIUtils.cpp.o CMakeFiles/expo-modules-
core.dir/D_/Projects/Swiftride/android/node_modules/expo-modules-core/common/cpp/LazyObject.cpp.o CMakeFiles/expo-modul
es-core.dir/D_/Projects/Swiftride/android/node_modules/expo-modules-core/common/cpp/NativeModule.cpp.o CMakeFiles/expo-
modules-core.dir/D_/Projects/Swiftride/android/node_modules/expo-modules-core/common/cpp/ObjectDeallocator.cpp.o CMakeF
iles/expo-modules-core.dir/D_/Projects/Swiftride/android/node_modules/expo-modules-core/common/cpp/SharedObject.cpp.o C
MakeFiles/expo-modules-core.dir/D_/Projects/Swiftride/android/node_modules/expo-modules-core/common/cpp/SharedRef.cpp.o
 CMakeFiles/expo-modules-core.dir/D_/Projects/Swiftride/android/node_modules/expo-modules-core/common/cpp/TypedArray.cp
p.o CMakeFiles/expo-modules-core.dir/src/main/cpp/Exceptions.cpp.o 
CMakeFiles/expo-modules-core.dir/src/main/cpp/ExpoModulesHostObject.cpp.o 
CMakeFiles/expo-modules-core.dir/src/main/cpp/JNIDeallocator.cpp.o 
CMakeFiles/expo-modules-core.dir/src/main/cpp/JNIFunctionBody.cpp.o 
CMakeFiles/expo-modules-core.dir/src/main/cpp/JNIInjector.cpp.o 
CMakeFiles/expo-modules-core.dir/src/main/cpp/JNIUtils.cpp.o 
CMakeFiles/expo-modules-core.dir/src/main/cpp/JSIContext.cpp.o 
CMakeFiles/expo-modules-core.dir/src/main/cpp/JSReferencesCache.cpp.o 
CMakeFiles/expo-modules-core.dir/src/main/cpp/JSharedObject.cpp.o 
CMakeFiles/expo-modules-core.dir/src/main/cpp/JavaCallback.cpp.o 
CMakeFiles/expo-modules-core.dir/src/main/cpp/JavaReferencesCache.cpp.o 
CMakeFiles/expo-modules-core.dir/src/main/cpp/JavaScriptFunction.cpp.o 
CMakeFiles/expo-modules-core.dir/src/main/cpp/JavaScriptModuleObject.cpp.o 
CMakeFiles/expo-modules-core.dir/src/main/cpp/JavaScriptObject.cpp.o 
CMakeFiles/expo-modules-core.dir/src/main/cpp/JavaScriptRuntime.cpp.o 
CMakeFiles/expo-modules-core.dir/src/main/cpp/JavaScriptTypedArray.cpp.o 
CMakeFiles/expo-modules-core.dir/src/main/cpp/JavaScriptValue.cpp.o 
CMakeFiles/expo-modules-core.dir/src/main/cpp/JavaScriptWeakObject.cpp.o 
CMakeFiles/expo-modules-core.dir/src/main/cpp/MethodMetadata.cpp.o 
CMakeFiles/expo-modules-core.dir/src/main/cpp/RuntimeHolder.cpp.o 
CMakeFiles/expo-modules-core.dir/src/main/cpp/WeakRuntimeHolder.cpp.o 
CMakeFiles/expo-modules-core.dir/src/main/cpp/types/AnyType.cpp.o 
CMakeFiles/expo-modules-core.dir/src/main/cpp/types/ExpectedType.cpp.o 
CMakeFiles/expo-modules-core.dir/src/main/cpp/types/FrontendConverter.cpp.o 
CMakeFiles/expo-modules-core.dir/src/main/cpp/types/FrontendConverterProvider.cpp.o 
CMakeFiles/expo-modules-core.dir/src/main/cpp/types/JNIToJSIConverter.cpp.o 
CMakeFiles/expo-modules-core.dir/src/main/cpp/decorators/JSClassesDecorator.cpp.o 
CMakeFiles/expo-modules-core.dir/src/main/cpp/decorators/JSConstantsDecorator.cpp.o 
CMakeFiles/expo-modules-core.dir/src/main/cpp/decorators/JSDecoratorsBridgingObject.cpp.o 
CMakeFiles/expo-modules-core.dir/src/main/cpp/decorators/JSFunctionsDecorator.cpp.o 
CMakeFiles/expo-modules-core.dir/src/main/cpp/decorators/JSObjectDecorator.cpp.o 
CMakeFiles/expo-modules-core.dir/src/main/cpp/decorators/JSPropertiesDecorator.cpp.o  "C:/Users/Basit Ali/AppData/Local
/Android/Sdk/ndk/27.1.12297006/toolchains/llvm/prebuilt/windows-x86_64/sysroot/usr/lib/aarch64-linux-android/24/liblog.
so"  "C:/Users/Basit Ali/.gradle/caches/8.14.3/transforms/1d9b33ce555da17de0d2d1933ef9bfa3/transformed/fbjni-0.7.0/pref
ab/modules/fbjni/libs/android.arm64-v8a/libfbjni.so"  "C:/Users/Basit Ali/.gradle/caches/8.14.3/transforms/cde4f30671f0
a7da4501bd6540651233/transformed/react-android-0.81.5-debug/prefab/modules/jsi/libs/android.arm64-v8a/libjsi.so"  
-landroid  src/fabric/libfabric.a  "C:/Users/Basit Ali/.gradle/caches/8.14.3/transforms/cde4f30671f0a7da4501bd654065123
3/transformed/react-android-0.81.5-debug/prefab/modules/reactnative/libs/android.arm64-v8a/libreactnative.so"  
"C:/Users/Basit Ali/.gradle/caches/8.14.3/transforms/1d9b33ce555da17de0d2d1933ef9bfa3/transformed/fbjni-0.7.0/prefab/mo
dules/fbjni/libs/android.arm64-v8a/libfbjni.so"  "C:/Users/Basit Ali/.gradle/caches/8.14.3/transforms/cde4f30671f0a7da4
501bd6540651233/transformed/react-android-0.81.5-debug/prefab/modules/jsi/libs/android.arm64-v8a/libjsi.so"  
"C:/Users/Basit Ali/.gradle/caches/8.14.3/transforms/cde4f30671f0a7da4501bd6540651233/transformed/react-android-0.81.5-
debug/prefab/modules/reactnative/libs/android.arm64-v8a/libreactnative.so"  -latomic -lm && cd ."
  ld.lld: error: undefined symbol: operator new(unsigned long)
  >>> referenced by new:271 (C:/Users/Basit Ali/AppData/Local/Android/Sdk/ndk/27.1.12297006/toolchains/llvm/prebuilt/wi
ndows-x86_64/sysroot/usr/include/c++/v1/new:271)
  >>>               CMakeFiles/expo-modules-core.dir/D_/Projects/Swiftride/android/node_modules/expo-modules-core/commo
n/cpp/EventEmitter.cpp.o:(expo::EventEmitter::Listeners::add(facebook::jsi::Runtime&, std::__ndk1::basic_string<char, 
std::__ndk1::char_traits<char>, std::__ndk1::allocator<char>> const&, facebook::jsi::Function const&))
  >>> referenced by new:271 (C:/Users/Basit Ali/AppData/Local/Android/Sdk/ndk/27.1.12297006/toolchains/llvm/prebuilt/wi
ndows-x86_64/sysroot/usr/include/c++/v1/new:271)
  >>>               
CMakeFiles/expo-modules-core.dir/src/main/cpp/JNIDeallocator.cpp.o:(facebook::jni::JavaClass<expo::JNIDeallocator, 
facebook::jni::JObject, void>::javaClassLocal())
  >>> referenced by new:271 (C:/Users/Basit Ali/AppData/Local/Android/Sdk/ndk/27.1.12297006/toolchains/llvm/prebuilt/wi
ndows-x86_64/sysroot/usr/include/c++/v1/new:271)
  >>>               CMakeFiles/expo-modules-core.dir/src/main/cpp/JavaScriptFunction.cpp.o:(facebook::jni::HybridClass<
expo::JavaScriptFunction, expo::Destructible>::registerHybrid(std::initializer_list<JNINativeMethod>))
  >>> referenced 316 more times
  
  ld.lld: error: undefined symbol: operator delete(void*)
  >>> referenced by new:280 (C:/Users/Basit Ali/AppData/Local/Android/Sdk/ndk/27.1.12297006/toolchains/llvm/prebuilt/wi
ndows-x86_64/sysroot/usr/include/c++/v1/new:280)
  >>>               CMakeFiles/expo-modules-core.dir/D_/Projects/Swiftride/android/node_modules/expo-modules-core/commo
n/cpp/EventEmitter.cpp.o:(expo::EventEmitter::Listeners::add(facebook::jsi::Runtime&, std::__ndk1::basic_string<char, 
std::__ndk1::char_traits<char>, std::__ndk1::allocator<char>> const&, facebook::jsi::Function const&))
  >>> referenced by ExpoModulesHostObject.cpp:20 
(D:/Projects/Swiftride/android/node_modules/expo-modules-core/android/src/main/cpp/ExpoModulesHostObject.cpp:20)
  >>>               CMakeFiles/expo-modules-core.dir/src/main/cpp/ExpoModulesHostObject.cpp.o:(expo::ExpoModulesHostObj
ect::~ExpoModulesHostObject())
  >>> referenced by new:280 (C:/Users/Basit Ali/AppData/Local/Android/Sdk/ndk/27.1.12297006/toolchains/llvm/prebuilt/wi
ndows-x86_64/sysroot/usr/include/c++/v1/new:280)
  >>>               CMakeFiles/expo-modules-core.dir/D_/Projects/Swiftride/android/node_modules/expo-modules-core/commo
n/cpp/TypedArray.cpp.o:(std::__ndk1::unordered_map<std::__ndk1::basic_string<char, std::__ndk1::char_traits<char>, 
std::__ndk1::allocator<char>>, expo::TypedArrayKind, std::__ndk1::hash<std::__ndk1::basic_string<char, 
std::__ndk1::char_traits<char>, std::__ndk1::allocator<char>>>, std::__ndk1::equal_to<std::__ndk1::basic_string<char, 
std::__ndk1::char_traits<char>, std::__ndk1::allocator<char>>>, 
std::__ndk1::allocator<std::__ndk1::pair<std::__ndk1::basic_string<char, std::__ndk1::char_traits<char>, 
std::__ndk1::allocator<char>> const, expo::TypedArrayKind>>>::~unordered_map[abi:ne180000]())
  >>> referenced 994 more times
  
  ld.lld: error: undefined symbol: __cxa_guard_acquire
  >>> referenced by CoreClasses-inl.h:147 (C:/Users/Basit Ali/.gradle/caches/8.14.3/transforms/1d9b33ce555da17de0d2d193
3ef9bfa3/transformed/fbjni-0.7.0/prefab/modules/fbjni/include/fbjni/detail/CoreClasses-inl.h:147)
  >>>               
CMakeFiles/expo-modules-core.dir/src/main/cpp/Exceptions.cpp.o:(facebook::jni::basic_strong_ref<expo::CodedException, 
facebook::jni::LocalReferenceAllocator> facebook::jni::JavaClass<expo::CodedException, facebook::jni::JThrowable, 
void>::newInstance<facebook::jni::basic_strong_ref<facebook::jni::JString, 
facebook::jni::LocalReferenceAllocator>>(facebook::jni::basic_strong_ref<facebook::jni::JString, 
facebook::jni::LocalReferenceAllocator>))
  >>> referenced by JNIDeallocator.cpp:10 
(D:/Projects/Swiftride/android/node_modules/expo-modules-core/android/src/main/cpp/JNIDeallocator.cpp:10)
  >>>               CMakeFiles/expo-modules-core.dir/src/main/cpp/JNIDeallocator.cpp.o:(expo::JNIDeallocator::addRefere
nce(facebook::jni::basic_strong_ref<facebook::jni::detail::JTypeFor<expo::Destructible, facebook::jni::JObject, 
void>::_javaobject*, facebook::jni::LocalReferenceAllocator>))
  >>> referenced by CoreClasses-inl.h:148 (C:/Users/Basit Ali/.gradle/caches/8.14.3/transforms/1d9b33ce555da17de0d2d193
3ef9bfa3/transformed/fbjni-0.7.0/prefab/modules/fbjni/include/fbjni/detail/CoreClasses-inl.h:148)
  >>>               
CMakeFiles/expo-modules-core.dir/src/main/cpp/Exceptions.cpp.o:(facebook::jni::basic_strong_ref<expo::CodedException, 
facebook::jni::LocalReferenceAllocator> facebook::jni::JavaClass<expo::CodedException, facebook::jni::JThrowable, 
void>::newInstance<facebook::jni::basic_strong_ref<facebook::jni::JString, 
facebook::jni::LocalReferenceAllocator>>(facebook::jni::basic_strong_ref<facebook::jni::JString, 
facebook::jni::LocalReferenceAllocator>))
  >>> referenced 165 more times
  
  ld.lld: error: undefined symbol: __cxa_guard_release
  >>> referenced by CoreClasses-inl.h:147 (C:/Users/Basit Ali/.gradle/caches/8.14.3/transforms/1d9b33ce555da17de0d2d193
3ef9bfa3/transformed/fbjni-0.7.0/prefab/modules/fbjni/include/fbjni/detail/CoreClasses-inl.h:147)
  >>>               
CMakeFiles/expo-modules-core.dir/src/main/cpp/Exceptions.cpp.o:(facebook::jni::basic_strong_ref<expo::CodedException, 
facebook::jni::LocalReferenceAllocator> facebook::jni::JavaClass<expo::CodedException, facebook::jni::JThrowable, 
void>::newInstance<facebook::jni::basic_strong_ref<facebook::jni::JString, 
facebook::jni::LocalReferenceAllocator>>(facebook::jni::basic_strong_ref<facebook::jni::JString, 
facebook::jni::LocalReferenceAllocator>))
  >>> referenced by JNIDeallocator.cpp:10 
(D:/Projects/Swiftride/android/node_modules/expo-modules-core/android/src/main/cpp/JNIDeallocator.cpp:10)
  >>>               CMakeFiles/expo-modules-core.dir/src/main/cpp/JNIDeallocator.cpp.o:(expo::JNIDeallocator::addRefere
nce(facebook::jni::basic_strong_ref<facebook::jni::detail::JTypeFor<expo::Destructible, facebook::jni::JObject, 
void>::_javaobject*, facebook::jni::LocalReferenceAllocator>))
  >>> referenced by CoreClasses-inl.h:148 (C:/Users/Basit Ali/.gradle/caches/8.14.3/transforms/1d9b33ce555da17de0d2d193
3ef9bfa3/transformed/fbjni-0.7.0/prefab/modules/fbjni/include/fbjni/detail/CoreClasses-inl.h:148)
  >>>               
CMakeFiles/expo-modules-core.dir/src/main/cpp/Exceptions.cpp.o:(facebook::jni::basic_strong_ref<expo::CodedException, 
facebook::jni::LocalReferenceAllocator> facebook::jni::JavaClass<expo::CodedException, facebook::jni::JThrowable, 
void>::newInstance<facebook::jni::basic_strong_ref<facebook::jni::JString, 
facebook::jni::LocalReferenceAllocator>>(facebook::jni::basic_strong_ref<facebook::jni::JString, 
facebook::jni::LocalReferenceAllocator>))
  >>> referenced 165 more times
  
  ld.lld: error: undefined symbol: std::__ndk1::__shared_weak_count::__release_weak()
  >>> referenced by shared_ptr.h:184 (C:/Users/Basit Ali/AppData/Local/Android/Sdk/ndk/27.1.12297006/toolchains/llvm/pr
ebuilt/windows-x86_64/sysroot/usr/include/c++/v1/__memory/shared_ptr.h:184)
  >>>               CMakeFiles/expo-modules-core.dir/D_/Projects/Swiftride/android/node_modules/expo-modules-core/commo
n/cpp/LazyObject.cpp.o:(expo::LazyObject::~LazyObject())
  >>> referenced by shared_ptr.h:184 (C:/Users/Basit Ali/AppData/Local/Android/Sdk/ndk/27.1.12297006/toolchains/llvm/pr
ebuilt/windows-x86_64/sysroot/usr/include/c++/v1/__memory/shared_ptr.h:184)
  >>>               CMakeFiles/expo-modules-core.dir/D_/Projects/Swiftride/android/node_modules/expo-modules-core/commo
n/cpp/JSIUtils.cpp.o:(expo::common::createClass(facebook::jsi::Runtime&, char const*, 
std::__ndk1::function<facebook::jsi::Value (facebook::jsi::Runtime&, facebook::jsi::Value const&, facebook::jsi::Value 
const*, unsigned long)>))
  >>> referenced by shared_ptr.h:184 (C:/Users/Basit Ali/AppData/Local/Android/Sdk/ndk/27.1.12297006/toolchains/llvm/pr
ebuilt/windows-x86_64/sysroot/usr/include/c++/v1/__memory/shared_ptr.h:184)
  >>>               CMakeFiles/expo-modules-core.dir/D_/Projects/Swiftride/android/node_modules/expo-modules-core/commo
n/cpp/JSIUtils.cpp.o:(expo::common::createClass(facebook::jsi::Runtime&, char const*, 
std::__ndk1::function<facebook::jsi::Value (facebook::jsi::Runtime&, facebook::jsi::Value const&, facebook::jsi::Value 
const*, unsigned long)>))
  >>> referenced 762 more times
  
  ld.lld: error: undefined symbol: __cxa_begin_catch
  >>> referenced by EventEmitter.cpp
  >>>               CMakeFiles/expo-modules-core.dir/D_/Projects/Swiftride/android/node_modules/expo-modules-core/commo
n/cpp/EventEmitter.cpp.o:(__clang_call_terminate)
  >>> referenced by EventEmitter.cpp:85 
(D:/Projects/Swiftride/android/node_modules/expo-modules-core/common/cpp/EventEmitter.cpp:85)
  >>>               CMakeFiles/expo-modules-core.dir/D_/Projects/Swiftride/android/node_modules/expo-modules-core/commo
n/cpp/EventEmitter.cpp.o:(expo::EventEmitter::Listeners::call(facebook::jsi::Runtime&, std::__ndk1::basic_string<char, 
std::__ndk1::char_traits<char>, std::__ndk1::allocator<char>> const&, facebook::jsi::Object const&, 
facebook::jsi::Value const*, unsigned long))
  >>> referenced by EventEmitter.cpp:62 
(D:/Projects/Swiftride/android/node_modules/expo-modules-core/common/cpp/EventEmitter.cpp:62)
  >>>               CMakeFiles/expo-modules-core.dir/D_/Projects/Swiftride/android/node_modules/expo-modules-core/commo
n/cpp/EventEmitter.cpp.o:(expo::EventEmitter::Listeners::call(facebook::jsi::Runtime&, std::__ndk1::basic_string<char, 
std::__ndk1::char_traits<char>, std::__ndk1::allocator<char>> const&, facebook::jsi::Object const&, 
facebook::jsi::Value const*, unsigned long))
  >>> referenced 184 more times
  
  ld.lld: error: undefined symbol: std::terminate()
  >>> referenced by EventEmitter.cpp
  >>>               CMakeFiles/expo-modules-core.dir/D_/Projects/Swiftride/android/node_modules/expo-modules-core/commo
n/cpp/EventEmitter.cpp.o:(__clang_call_terminate)
  
  ld.lld: error: undefined symbol: VTT for std::__ndk1::basic_stringstream<char, std::__ndk1::char_traits<char>, 
std::__ndk1::allocator<char>>
  >>> referenced by sstream:1102 (C:/Users/Basit Ali/AppData/Local/Android/Sdk/ndk/27.1.12297006/toolchains/llvm/prebui
lt/windows-x86_64/sysroot/usr/include/c++/v1/sstream:1102)
  >>>               CMakeFiles/expo-modules-core.dir/D_/Projects/Swiftride/android/node_modules/expo-modules-core/commo
n/cpp/JSIUtils.cpp.o:(expo::common::createClass(facebook::jsi::Runtime&, char const*, 
std::__ndk1::function<facebook::jsi::Value (facebook::jsi::Runtime&, facebook::jsi::Value const&, facebook::jsi::Value 
const*, unsigned long)>))
  >>> referenced by sstream:1102 (C:/Users/Basit Ali/AppData/Local/Android/Sdk/ndk/27.1.12297006/toolchains/llvm/prebui
lt/windows-x86_64/sysroot/usr/include/c++/v1/sstream:1102)
  >>>               CMakeFiles/expo-modules-core.dir/D_/Projects/Swiftride/android/node_modules/expo-modules-core/commo
n/cpp/JSIUtils.cpp.o:(expo::common::createClass(facebook::jsi::Runtime&, char const*, 
std::__ndk1::function<facebook::jsi::Value (facebook::jsi::Runtime&, facebook::jsi::Value const&, facebook::jsi::Value 
const*, unsigned long)>))
  >>> referenced by istream:201 (C:/Users/Basit Ali/AppData/Local/Android/Sdk/ndk/27.1.12297006/toolchains/llvm/prebuil
t/windows-x86_64/sysroot/usr/include/c++/v1/istream:201)
  >>>               CMakeFiles/expo-modules-core.dir/D_/Projects/Swiftride/android/node_modules/expo-modules-core/commo
n/cpp/JSIUtils.cpp.o:(std::__ndk1::basic_stringstream<char, std::__ndk1::char_traits<char>, 
std::__ndk1::allocator<char>>::basic_stringstream[abi:ne180000]())
  >>> referenced 3 more times
  
  ld.lld: error: undefined symbol: __cxa_guard_abort
  >>> referenced by CoreClasses-inl.h:148 (C:/Users/Basit Ali/.gradle/caches/8.14.3/transforms/1d9b33ce555da17de0d2d193
3ef9bfa3/transformed/fbjni-0.7.0/prefab/modules/fbjni/include/fbjni/detail/CoreClasses-inl.h:148)
  >>>               
CMakeFiles/expo-modules-core.dir/src/main/cpp/Exceptions.cpp.o:(facebook::jni::basic_strong_ref<expo::CodedException, 
facebook::jni::LocalReferenceAllocator> facebook::jni::JavaClass<expo::CodedException, facebook::jni::JThrowable, 
void>::newInstance<facebook::jni::basic_strong_ref<facebook::jni::JString, 
facebook::jni::LocalReferenceAllocator>>(facebook::jni::basic_strong_ref<facebook::jni::JString, 
facebook::jni::LocalReferenceAllocator>))
  >>> referenced by CoreClasses-inl.h:147 (C:/Users/Basit Ali/.gradle/caches/8.14.3/transforms/1d9b33ce555da17de0d2d193
3ef9bfa3/transformed/fbjni-0.7.0/prefab/modules/fbjni/include/fbjni/detail/CoreClasses-inl.h:147)
  >>>               
CMakeFiles/expo-modules-core.dir/src/main/cpp/Exceptions.cpp.o:(facebook::jni::basic_strong_ref<expo::CodedException, 
facebook::jni::LocalReferenceAllocator> facebook::jni::JavaClass<expo::CodedException, facebook::jni::JThrowable, 
void>::newInstance<facebook::jni::basic_strong_ref<facebook::jni::JString, 
facebook::jni::LocalReferenceAllocator>>(facebook::jni::basic_strong_ref<facebook::jni::JString, 
facebook::jni::LocalReferenceAllocator>))
  >>> referenced by CoreClasses-inl.h:148 (C:/Users/Basit Ali/.gradle/caches/8.14.3/transforms/1d9b33ce555da17de0d2d193
3ef9bfa3/transformed/fbjni-0.7.0/prefab/modules/fbjni/include/fbjni/detail/CoreClasses-inl.h:148)
  >>>               CMakeFiles/expo-modules-core.dir/src/main/cpp/Exceptions.cpp.o:(facebook::jni::basic_strong_ref<exp
o::JavaScriptEvaluateException, facebook::jni::LocalReferenceAllocator> 
facebook::jni::JavaClass<expo::JavaScriptEvaluateException, expo::CodedException, 
void>::newInstance<facebook::jni::basic_strong_ref<facebook::jni::JString, facebook::jni::LocalReferenceAllocator>, 
facebook::jni::basic_strong_ref<facebook::jni::JString, 
facebook::jni::LocalReferenceAllocator>>(facebook::jni::basic_strong_ref<facebook::jni::JString, 
facebook::jni::LocalReferenceAllocator>, facebook::jni::basic_strong_ref<facebook::jni::JString, 
facebook::jni::LocalReferenceAllocator>))
  >>> referenced 151 more times
  
  ld.lld: error: undefined symbol: std::__ndk1::__next_prime(unsigned long)
  >>> referenced by __hash_table:1657 (C:/Users/Basit Ali/AppData/Local/Android/Sdk/ndk/27.1.12297006/toolchains/llvm/p
rebuilt/windows-x86_64/sysroot/usr/include/c++/v1/__hash_table:1657)
  >>>               ExpoViewProps.cpp.o:(std::__ndk1::unordered_map<std::__ndk1::basic_string<char, 
std::__ndk1::char_traits<char>, std::__ndk1::allocator<char>>, folly::dynamic, 
std::__ndk1::hash<std::__ndk1::basic_string<char, std::__ndk1::char_traits<char>, std::__ndk1::allocator<char>>>, 
std::__ndk1::equal_to<std::__ndk1::basic_string<char, std::__ndk1::char_traits<char>, std::__ndk1::allocator<char>>>, 
std::__ndk1::allocator<std::__ndk1::pair<std::__ndk1::basic_string<char, std::__ndk1::char_traits<char>, 
std::__ndk1::allocator<char>> const, 
folly::dynamic>>>::unordered_map(std::__ndk1::unordered_map<std::__ndk1::basic_string<char, 
std::__ndk1::char_traits<char>, std::__ndk1::allocator<char>>, folly::dynamic, 
std::__ndk1::hash<std::__ndk1::basic_string<char, std::__ndk1::char_traits<char>, std::__ndk1::allocator<char>>>, 
std::__ndk1::equal_to<std::__ndk1::basic_string<char, std::__ndk1::char_traits<char>, std::__ndk1::allocator<char>>>, 
std::__ndk1::allocator<std::__ndk1::pair<std::__ndk1::basic_string<char, std::__ndk1::char_traits<char>, 
std::__ndk1::allocator<char>> const, folly::dynamic>>> const&)) in archive src/fabric/libfabric.a
  >>> referenced by __hash_table:1665 (C:/Users/Basit Ali/AppData/Local/Android/Sdk/ndk/27.1.12297006/toolchains/llvm/p
rebuilt/windows-x86_64/sysroot/usr/include/c++/v1/__hash_table:1665)
  >>>               ExpoViewProps.cpp.o:(std::__ndk1::unordered_map<std::__ndk1::basic_string<char, 
std::__ndk1::char_traits<char>, std::__ndk1::allocator<char>>, folly::dynamic, 
std::__ndk1::hash<std::__ndk1::basic_string<char, std::__ndk1::char_traits<char>, std::__ndk1::allocator<char>>>, 
std::__ndk1::equal_to<std::__ndk1::basic_string<char, std::__ndk1::char_traits<char>, std::__ndk1::allocator<char>>>, 
std::__ndk1::allocator<std::__ndk1::pair<std::__ndk1::basic_string<char, std::__ndk1::char_traits<char>, 
std::__ndk1::allocator<char>> const, 
folly::dynamic>>>::unordered_map(std::__ndk1::unordered_map<std::__ndk1::basic_string<char, 
std::__ndk1::char_traits<char>, std::__ndk1::allocator<char>>, folly::dynamic, 
std::__ndk1::hash<std::__ndk1::basic_string<char, std::__ndk1::char_traits<char>, std::__ndk1::allocator<char>>>, 
std::__ndk1::equal_to<std::__ndk1::basic_string<char, std::__ndk1::char_traits<char>, std::__ndk1::allocator<char>>>, 
std::__ndk1::allocator<std::__ndk1::pair<std::__ndk1::basic_string<char, std::__ndk1::char_traits<char>, 
std::__ndk1::allocator<char>> const, folly::dynamic>>> const&)) in archive src/fabric/libfabric.a
  >>> referenced by __hash_table:1657 (C:/Users/Basit Ali/AppData/Local/Android/Sdk/ndk/27.1.12297006/toolchains/llvm/p
rebuilt/windows-x86_64/sysroot/usr/include/c++/v1/__hash_table:1657)
  >>>               CMakeFiles/expo-modules-core.dir/src/main/cpp/ExpoModulesHostObject.cpp.o:(std::__ndk1::pair<std::_
_ndk1::__hash_iterator<std::__ndk1::__hash_node<std::__ndk1::__hash_value_type<std::__ndk1::basic_string<char, 
std::__ndk1::char_traits<char>, std::__ndk1::allocator<char>>, std::__ndk1::unique_ptr<facebook::jsi::Object, 
std::__ndk1::default_delete<facebook::jsi::Object>>>, void*>*>, bool> 
std::__ndk1::__hash_table<std::__ndk1::__hash_value_type<std::__ndk1::basic_string<char, 
std::__ndk1::char_traits<char>, std::__ndk1::allocator<char>>, std::__ndk1::unique_ptr<facebook::jsi::Object, 
std::__ndk1::default_delete<facebook::jsi::Object>>>, 
std::__ndk1::__unordered_map_hasher<std::__ndk1::basic_string<char, std::__ndk1::char_traits<char>, 
std::__ndk1::allocator<char>>, std::__ndk1::__hash_value_type<std::__ndk1::basic_string<char, 
std::__ndk1::char_traits<char>, std::__ndk1::allocator<char>>, std::__ndk1::unique_ptr<facebook::jsi::Object, 
std::__ndk1::default_delete<facebook::jsi::Object>>>, std::__ndk1::hash<std::__ndk1::basic_string<char, 
std::__ndk1::char_traits<char>, std::__ndk1::allocator<char>>>, std::__ndk1::equal_to<std::__ndk1::basic_string<char, 
std::__ndk1::char_traits<char>, std::__ndk1::allocator<char>>>, true>, 
std::__ndk1::__unordered_map_equal<std::__ndk1::basic_string<char, std::__ndk1::char_traits<char>, 
std::__ndk1::allocator<char>>, std::__ndk1::__hash_value_type<std::__ndk1::basic_string<char, 
std::__ndk1::char_traits<char>, std::__ndk1::allocator<char>>, std::__ndk1::unique_ptr<facebook::jsi::Object, 
std::__ndk1::default_delete<facebook::jsi::Object>>>, std::__ndk1::equal_to<std::__ndk1::basic_string<char, 
std::__ndk1::char_traits<char>, std::__ndk1::allocator<char>>>, std::__ndk1::hash<std::__ndk1::basic_string<char, 
std::__ndk1::char_traits<char>, std::__ndk1::allocator<char>>>, true>, 
std::__ndk1::allocator<std::__ndk1::__hash_value_type<std::__ndk1::basic_string<char, std::__ndk1::char_traits<char>, 
std::__ndk1::allocator<char>>, std::__ndk1::unique_ptr<facebook::jsi::Object, 
std::__ndk1::default_delete<facebook::jsi::Object>>>>>::__emplace_unique_key_args<std::__ndk1::basic_string<char, 
std::__ndk1::char_traits<char>, std::__ndk1::allocator<char>>, std::__ndk1::piecewise_construct_t const&, 
std::__ndk1::tuple<std::__ndk1::basic_string<char, std::__ndk1::char_traits<char>, std::__ndk1::allocator<char>> 
const&>, std::__ndk1::tuple<>>(std::__ndk1::basic_string<char, std::__ndk1::char_traits<char>, 
std::__ndk1::allocator<char>> const&, std::__ndk1::piecewise_construct_t const&, 
std::__ndk1::tuple<std::__ndk1::basic_string<char, std::__ndk1::char_traits<char>, std::__ndk1::allocator<char>> 
const&>&&, std::__ndk1::tuple<>&&))
  >>> referenced 31 more times
  
  ld.lld: error: undefined symbol: std::__ndk1::__shared_weak_count::~__shared_weak_count()
  >>> referenced by shared_ptr.h:263 (C:/Users/Basit Ali/AppData/Local/Android/Sdk/ndk/27.1.12297006/toolchains/llvm/pr
ebuilt/windows-x86_64/sysroot/usr/include/c++/v1/__memory/shared_ptr.h:263)
  >>>               CMakeFiles/expo-modules-core.dir/src/main/cpp/ExpoModulesHostObject.cpp.o:(expo::ExpoModulesHostObj
ect::get(facebook::jsi::Runtime&, facebook::jsi::PropNameID const&))
  >>> referenced by shared_ptr.h:246 (C:/Users/Basit Ali/AppData/Local/Android/Sdk/ndk/27.1.12297006/toolchains/llvm/pr
ebuilt/windows-x86_64/sysroot/usr/include/c++/v1/__memory/shared_ptr.h:246)
  >>>               CMakeFiles/expo-modules-core.dir/src/main/cpp/ExpoModulesHostObject.cpp.o:(std::__ndk1::__shared_pt
r_emplace<expo::LazyObject, std::__ndk1::allocator<expo::LazyObject>>::~__shared_ptr_emplace())
  >>> referenced by shared_ptr.h:246 (C:/Users/Basit Ali/AppData/Local/Android/Sdk/ndk/27.1.12297006/toolchains/llvm/pr
ebuilt/windows-x86_64/sysroot/usr/include/c++/v1/__memory/shared_ptr.h:246)
  >>>               CMakeFiles/expo-modules-core.dir/src/main/cpp/ExpoModulesHostObject.cpp.o:(std::__ndk1::__shared_pt
r_emplace<expo::LazyObject, std::__ndk1::allocator<expo::LazyObject>>::~__shared_ptr_emplace())
  >>> referenced 149 more times
  
  ld.lld: error: undefined symbol: __cxa_allocate_exception
  >>> referenced by References-inl.h:120 (C:/Users/Basit Ali/.gradle/caches/8.14.3/transforms/1d9b33ce555da17de0d2d1933
ef9bfa3/transformed/fbjni-0.7.0/prefab/modules/fbjni/include/fbjni/detail/References-inl.h:120)
  >>>               CMakeFiles/expo-modules-core.dir/src/main/cpp/JavaScriptFunction.cpp.o:(std::__ndk1::enable_if<IsNo
nWeakReference<facebook::jni::alias_ref<facebook::jni::detail::JTypeFor<expo::ExpectedType, facebook::jni::JObject, 
void>::_javaobject*>>(), facebook::jni::basic_strong_ref<facebook::jni::reference_traits<facebook::jni::alias_ref<faceb
ook::jni::detail::JTypeFor<expo::ExpectedType, facebook::jni::JObject, void>::_javaobject*>>::plain_jni_reference_t, 
facebook::jni::LocalReferenceAllocator>>::type 
facebook::jni::make_local<facebook::jni::alias_ref<facebook::jni::detail::JTypeFor<expo::ExpectedType, 
facebook::jni::JObject, 
void>::_javaobject*>>(facebook::jni::alias_ref<facebook::jni::detail::JTypeFor<expo::ExpectedType, 
facebook::jni::JObject, void>::_javaobject*> const&))
  >>> referenced by ExpoModulesHostObject.cpp:69 
(D:/Projects/Swiftride/android/node_modules/expo-modules-core/android/src/main/cpp/ExpoModulesHostObject.cpp:69)
  >>>               CMakeFiles/expo-modules-core.dir/src/main/cpp/ExpoModulesHostObject.cpp.o:(expo::ExpoModulesHostObj
ect::set(facebook::jsi::Runtime&, facebook::jsi::PropNameID const&, facebook::jsi::Value const&))
  >>> referenced by TypedArray.cpp:50 
(D:/Projects/Swiftride/android/node_modules/expo-modules-core/common/cpp/TypedArray.cpp:50)
  >>>               CMakeFiles/expo-modules-core.dir/D_/Projects/Swiftride/android/node_modules/expo-modules-core/commo
n/cpp/TypedArray.cpp.o:(expo::TypedArray::getBuffer(facebook::jsi::Runtime&) const)
  >>> referenced 64 more times
  
  ld.lld: error: undefined symbol: std::__ndk1::basic_string<char, std::__ndk1::char_traits<char>, 
std::__ndk1::allocator<char>>::insert(unsigned long, char const*, unsigned long)
  >>> referenced by string:2973 (C:/Users/Basit Ali/AppData/Local/Android/Sdk/ndk/27.1.12297006/toolchains/llvm/prebuil
t/windows-x86_64/sysroot/usr/include/c++/v1/string:2973)
  >>>               CMakeFiles/expo-modules-core.dir/src/main/cpp/ExpoModulesHostObject.cpp.o:(expo::ExpoModulesHostObj
ect::set(facebook::jsi::Runtime&, facebook::jsi::PropNameID const&, facebook::jsi::Value const&))
  >>> referenced by string:2973 (C:/Users/Basit Ali/AppData/Local/Android/Sdk/ndk/27.1.12297006/toolchains/llvm/prebuil
t/windows-x86_64/sysroot/usr/include/c++/v1/string:2973)
  >>>               CMakeFiles/expo-modules-core.dir/src/main/cpp/JNIUtils.cpp.o:(std::__ndk1::basic_string<char, 
std::__ndk1::char_traits<char>, std::__ndk1::allocator<char>> std::__ndk1::operator+[abi:ne180000]<char, 
std::__ndk1::char_traits<char>, std::__ndk1::allocator<char>>(char const*, std::__ndk1::basic_string<char, 
std::__ndk1::char_traits<char>, std::__ndk1::allocator<char>>&&))
  
  ld.lld: error: undefined symbol: std::__ndk1::basic_string<char, std::__ndk1::char_traits<char>, 
std::__ndk1::allocator<char>>::append(char const*, unsigned long)
  >>> referenced by string:2851 (C:/Users/Basit Ali/AppData/Local/Android/Sdk/ndk/27.1.12297006/toolchains/llvm/prebuil
t/windows-x86_64/sysroot/usr/include/c++/v1/string:2851)
  >>>               CMakeFiles/expo-modules-core.dir/src/main/cpp/ExpoModulesHostObject.cpp.o:(expo::ExpoModulesHostObj
ect::set(facebook::jsi::Runtime&, facebook::jsi::PropNameID const&, facebook::jsi::Value const&))
  >>> referenced by Conv.h:629 (C:/Users/Basit Ali/.gradle/caches/8.14.3/transforms/cde4f30671f0a7da4501bd6540651233/tr
ansformed/react-android-0.81.5-debug/prefab/modules/reactnative/include/folly/Conv.h:629)
  >>>               
CMakeFiles/expo-modules-core.dir/src/main/cpp/decorators/JSConstantsDecorator.cpp.o:(std::__ndk1::basic_string<char, 
std::__ndk1::char_traits<char>, std::__ndk1::allocator<char>> folly::dynamic::asImpl<std::__ndk1::basic_string<char, 
std::__ndk1::char_traits<char>, std::__ndk1::allocator<char>>>() const)
  >>> referenced by Conv.h:1827 (C:/Users/Basit Ali/.gradle/caches/8.14.3/transforms/cde4f30671f0a7da4501bd6540651233/t
ransformed/react-android-0.81.5-debug/prefab/modules/reactnative/include/folly/Conv.h:1827)
  >>>               
CMakeFiles/expo-modules-core.dir/src/main/cpp/decorators/JSConstantsDecorator.cpp.o:(std::__ndk1::basic_string<char, 
std::__ndk1::char_traits<char>, std::__ndk1::allocator<char>> folly::dynamic::asImpl<std::__ndk1::basic_string<char, 
std::__ndk1::char_traits<char>, std::__ndk1::allocator<char>>>() const)
  >>> referenced 7 more times
  
  ld.lld: error: undefined symbol: std::bad_alloc::bad_alloc()
  >>> referenced by References-inl.h:120 (C:/Users/Basit Ali/.gradle/caches/8.14.3/transforms/1d9b33ce555da17de0d2d1933
ef9bfa3/transformed/fbjni-0.7.0/prefab/modules/fbjni/include/fbjni/detail/References-inl.h:120)
  >>>               CMakeFiles/expo-modules-core.dir/src/main/cpp/JavaScriptFunction.cpp.o:(std::__ndk1::enable_if<IsNo
nWeakReference<facebook::jni::alias_ref<facebook::jni::detail::JTypeFor<expo::ExpectedType, facebook::jni::JObject, 
void>::_javaobject*>>(), facebook::jni::basic_strong_ref<facebook::jni::reference_traits<facebook::jni::alias_ref<faceb
ook::jni::detail::JTypeFor<expo::ExpectedType, facebook::jni::JObject, void>::_javaobject*>>::plain_jni_reference_t, 
facebook::jni::LocalReferenceAllocator>>::type 
facebook::jni::make_local<facebook::jni::alias_ref<facebook::jni::detail::JTypeFor<expo::ExpectedType, 
facebook::jni::JObject, 
void>::_javaobject*>>(facebook::jni::alias_ref<facebook::jni::detail::JTypeFor<expo::ExpectedType, 
facebook::jni::JObject, void>::_javaobject*> const&))
  >>> referenced by References-inl.h:120 (C:/Users/Basit Ali/.gradle/caches/8.14.3/transforms/1d9b33ce555da17de0d2d1933
ef9bfa3/transformed/fbjni-0.7.0/prefab/modules/fbjni/include/fbjni/detail/References-inl.h:120)
  >>>               CMakeFiles/expo-modules-core.dir/src/main/cpp/Exceptions.cpp.o:(std::__ndk1::enable_if<IsNonWeakRef
erence<facebook::jni::detail::JTypeFor<expo::CodedException, facebook::jni::JThrowable, void>::_javaobject*>(), 
facebook::jni::basic_strong_ref<facebook::jni::reference_traits<facebook::jni::detail::JTypeFor<expo::CodedException, 
facebook::jni::JThrowable, void>::_javaobject*>::plain_jni_reference_t, facebook::jni::LocalReferenceAllocator>>::type 
facebook::jni::make_local<facebook::jni::detail::JTypeFor<expo::CodedException, facebook::jni::JThrowable, 
void>::_javaobject*>(facebook::jni::detail::JTypeFor<expo::CodedException, facebook::jni::JThrowable, 
void>::_javaobject* const&))
  >>> referenced by References-inl.h:120 (C:/Users/Basit Ali/.gradle/caches/8.14.3/transforms/1d9b33ce555da17de0d2d1933
ef9bfa3/transformed/fbjni-0.7.0/prefab/modules/fbjni/include/fbjni/detail/References-inl.h:120)
  >>>               CMakeFiles/expo-modules-core.dir/src/main/cpp/decorators/JSConstantsDecorator.cpp.o:(std::__ndk1::e
nable_if<IsNonWeakReference<facebook::jni::alias_ref<facebook::jni::detail::JTypeFor<expo::JNINoArgsFunctionBody, 
facebook::jni::JObject, void>::_javaobject*>>(), facebook::jni::basic_strong_ref<facebook::jni::reference_traits<facebo
ok::jni::alias_ref<facebook::jni::detail::JTypeFor<expo::JNINoArgsFunctionBody, facebook::jni::JObject, 
void>::_javaobject*>>::plain_jni_reference_t, facebook::jni::GlobalReferenceAllocator>>::type 
facebook::jni::make_global<facebook::jni::alias_ref<facebook::jni::detail::JTypeFor<expo::JNINoArgsFunctionBody, 
facebook::jni::JObject, 
void>::_javaobject*>>(facebook::jni::alias_ref<facebook::jni::detail::JTypeFor<expo::JNINoArgsFunctionBody, 
facebook::jni::JObject, void>::_javaobject*> const&))
  >>> referenced 20 more times
  
  ld.lld: error: undefined symbol: __cxa_throw
  >>> referenced by ExpoModulesHostObject.cpp:69 
(D:/Projects/Swiftride/android/node_modules/expo-modules-core/android/src/main/cpp/ExpoModulesHostObject.cpp:69)
  >>>               CMakeFiles/expo-modules-core.dir/src/main/cpp/ExpoModulesHostObject.cpp.o:(expo::ExpoModulesHostObj
ect::set(facebook::jsi::Runtime&, facebook::jsi::PropNameID const&, facebook::jsi::Value const&))
  >>> referenced by References-inl.h:120 (C:/Users/Basit Ali/.gradle/caches/8.14.3/transforms/1d9b33ce555da17de0d2d1933
ef9bfa3/transformed/fbjni-0.7.0/prefab/modules/fbjni/include/fbjni/detail/References-inl.h:120)
  >>>               CMakeFiles/expo-modules-core.dir/src/main/cpp/JavaScriptFunction.cpp.o:(std::__ndk1::enable_if<IsNo
nWeakReference<facebook::jni::alias_ref<facebook::jni::detail::JTypeFor<expo::ExpectedType, facebook::jni::JObject, 
void>::_javaobject*>>(), facebook::jni::basic_strong_ref<facebook::jni::reference_traits<facebook::jni::alias_ref<faceb
ook::jni::detail::JTypeFor<expo::ExpectedType, facebook::jni::JObject, void>::_javaobject*>>::plain_jni_reference_t, 
facebook::jni::LocalReferenceAllocator>>::type 
facebook::jni::make_local<facebook::jni::alias_ref<facebook::jni::detail::JTypeFor<expo::ExpectedType, 
facebook::jni::JObject, 
void>::_javaobject*>>(facebook::jni::alias_ref<facebook::jni::detail::JTypeFor<expo::ExpectedType, 
facebook::jni::JObject, void>::_javaobject*> const&))
  >>> referenced by TypedArray.cpp:50 
(D:/Projects/Swiftride/android/node_modules/expo-modules-core/common/cpp/TypedArray.cpp:50)
  >>>               CMakeFiles/expo-modules-core.dir/D_/Projects/Swiftride/android/node_modules/expo-modules-core/commo
n/cpp/TypedArray.cpp.o:(expo::TypedArray::getBuffer(facebook::jsi::Runtime&) const)
  >>> referenced 64 more times
  
  ld.lld: error: undefined symbol: vtable for std::__ndk1::basic_stringbuf<char, std::__ndk1::char_traits<char>, 
std::__ndk1::allocator<char>>
  >>> referenced by sstream:1101 (C:/Users/Basit Ali/AppData/Local/Android/Sdk/ndk/27.1.12297006/toolchains/llvm/prebui
lt/windows-x86_64/sysroot/usr/include/c++/v1/sstream:1101)
  >>>               CMakeFiles/expo-modules-core.dir/D_/Projects/Swiftride/android/node_modules/expo-modules-core/commo
n/cpp/JSIUtils.cpp.o:(expo::common::createClass(facebook::jsi::Runtime&, char const*, 
std::__ndk1::function<facebook::jsi::Value (facebook::jsi::Runtime&, facebook::jsi::Value const&, facebook::jsi::Value 
const*, unsigned long)>))
  >>> referenced by sstream:1101 (C:/Users/Basit Ali/AppData/Local/Android/Sdk/ndk/27.1.12297006/toolchains/llvm/prebui
lt/windows-x86_64/sysroot/usr/include/c++/v1/sstream:1101)
  >>>               CMakeFiles/expo-modules-core.dir/D_/Projects/Swiftride/android/node_modules/expo-modules-core/commo
n/cpp/JSIUtils.cpp.o:(expo::common::createClass(facebook::jsi::Runtime&, char const*, 
std::__ndk1::function<facebook::jsi::Value (facebook::jsi::Runtime&, facebook::jsi::Value const&, facebook::jsi::Value 
const*, unsigned long)>))
  >>> referenced by sstream:325 (C:/Users/Basit Ali/AppData/Local/Android/Sdk/ndk/27.1.12297006/toolchains/llvm/prebuil
t/windows-x86_64/sysroot/usr/include/c++/v1/sstream:325)
  >>>               CMakeFiles/expo-modules-core.dir/D_/Projects/Swiftride/android/node_modules/expo-modules-core/commo
n/cpp/JSIUtils.cpp.o:(std::__ndk1::basic_stringstream<char, std::__ndk1::char_traits<char>, 
std::__ndk1::allocator<char>>::basic_stringstream[abi:ne180000]())
  >>> referenced 3 more times
  >>> the vtable symbol may be undefined because the class is missing its key function (see 
https://lld.llvm.org/missingkeyfunction)
  
  ld.lld: error: undefined symbol: std::__ndk1::basic_streambuf<char, 
std::__ndk1::char_traits<char>>::~basic_streambuf()
  >>> referenced by sstream:1101 (C:/Users/Basit Ali/AppData/Local/Android/Sdk/ndk/27.1.12297006/toolchains/llvm/prebui
lt/windows-x86_64/sysroot/usr/include/c++/v1/sstream:1101)
  >>>               CMakeFiles/expo-modules-core.dir/D_/Projects/Swiftride/android/node_modules/expo-modules-core/commo
n/cpp/JSIUtils.cpp.o:(expo::common::createClass(facebook::jsi::Runtime&, char const*, 
std::__ndk1::function<facebook::jsi::Value (facebook::jsi::Runtime&, facebook::jsi::Value const&, facebook::jsi::Value 
const*, unsigned long)>))
  >>> referenced by sstream:1101 (C:/Users/Basit Ali/AppData/Local/Android/Sdk/ndk/27.1.12297006/toolchains/llvm/prebui
lt/windows-x86_64/sysroot/usr/include/c++/v1/sstream:1101)
  >>>               CMakeFiles/expo-modules-core.dir/D_/Projects/Swiftride/android/node_modules/expo-modules-core/commo
n/cpp/JSIUtils.cpp.o:(std::__ndk1::basic_stringstream<char, std::__ndk1::char_traits<char>, 
std::__ndk1::allocator<char>>::~basic_stringstream())
  
  ld.lld: error: undefined symbol: std::__ndk1::basic_iostream<char, std::__ndk1::char_traits<char>>::~basic_iostream()
  >>> referenced by sstream:1102 (C:/Users/Basit Ali/AppData/Local/Android/Sdk/ndk/27.1.12297006/toolchains/llvm/prebui
lt/windows-x86_64/sysroot/usr/include/c++/v1/sstream:1102)
  >>>               CMakeFiles/expo-modules-core.dir/D_/Projects/Swiftride/android/node_modules/expo-modules-core/commo
n/cpp/JSIUtils.cpp.o:(expo::common::createClass(facebook::jsi::Runtime&, char const*, 
std::__ndk1::function<facebook::jsi::Value (facebook::jsi::Runtime&, facebook::jsi::Value const&, facebook::jsi::Value 
const*, unsigned long)>))
  >>> referenced by sstream:1010 (C:/Users/Basit Ali/AppData/Local/Android/Sdk/ndk/27.1.12297006/toolchains/llvm/prebui
lt/windows-x86_64/sysroot/usr/include/c++/v1/sstream:1010)
  >>>               CMakeFiles/expo-modules-core.dir/D_/Projects/Swiftride/android/node_modules/expo-modules-core/commo
n/cpp/JSIUtils.cpp.o:(std::__ndk1::basic_stringstream<char, std::__ndk1::char_traits<char>, 
std::__ndk1::allocator<char>>::basic_stringstream[abi:ne180000]())
  >>> referenced by sstream:1102 (C:/Users/Basit Ali/AppData/Local/Android/Sdk/ndk/27.1.12297006/toolchains/llvm/prebui
lt/windows-x86_64/sysroot/usr/include/c++/v1/sstream:1102)
  >>>               CMakeFiles/expo-modules-core.dir/D_/Projects/Swiftride/android/node_modules/expo-modules-core/commo
n/cpp/JSIUtils.cpp.o:(std::__ndk1::basic_stringstream<char, std::__ndk1::char_traits<char>, 
std::__ndk1::allocator<char>>::~basic_stringstream())
  
  ld.lld: error: undefined symbol: __cxa_free_exception
  >>> referenced by ExpoModulesHostObject.cpp:69 
(D:/Projects/Swiftride/android/node_modules/expo-modules-core/android/src/main/cpp/ExpoModulesHostObject.cpp:69)
  >>>               CMakeFiles/expo-modules-core.dir/src/main/cpp/ExpoModulesHostObject.cpp.o:(expo::ExpoModulesHostObj
ect::set(facebook::jsi::Runtime&, facebook::jsi::PropNameID const&, facebook::jsi::Value const&))
  >>> referenced by TypedArray.cpp:50 
(D:/Projects/Swiftride/android/node_modules/expo-modules-core/common/cpp/TypedArray.cpp:50)
  >>>               CMakeFiles/expo-modules-core.dir/D_/Projects/Swiftride/android/node_modules/expo-modules-core/commo
n/cpp/TypedArray.cpp.o:(expo::TypedArray::getBuffer(facebook::jsi::Runtime&) const)
  >>> referenced by Exceptions.cpp:92 
(D:/Projects/Swiftride/android/node_modules/expo-modules-core/android/src/main/cpp/Exceptions.cpp:92)
  >>>               
CMakeFiles/expo-modules-core.dir/src/main/cpp/Exceptions.cpp.o:(expo::rethrowAsCodedError(facebook::jsi::Runtime&, 
facebook::jni::JniException&))
  >>> referenced 37 more times
  
  ld.lld: error: too many errors emitted, stopping now (use --error-limit=0 to see all errors)
  CLANG_~1: error: linker command failed with exit code 1 (use -v to see invocation)
  ninja: build stopped: subcommand failed.
  
  C++ build system [build] failed while executing:
      @echo off
      "C:\\Users\\Basit Ali\\AppData\\Local\\Android\\Sdk\\cmake\\3.22.1\\bin\\ninja.exe" ^
        -C ^
        "D:\\Projects\\Swiftride\\android\\node_modules\\expo-modules-core\\android\\.cxx\\Debug\\3i6w6g4u\\arm64-v8a" 
^
        expo-modules-core
    from D:\Projects\Swiftride\android\node_modules\expo-modules-core\android

* Try:
> Run with --stacktrace option to get the stack trace.
> Run with --info or --debug option to get more log output.
> Run with --scan to get full insights.
> Get more help at https://help.gradle.org.
==============================================================================

3: Task failed with an exception.
-----------
* What went wrong:
Execution failed for task ':react-native-worklets:buildCMakeDebug[arm64-v8a][worklets]'.
> com.android.ide.common.process.ProcessException: ninja: Entering directory 
`D:\Projects\Swiftride\android\node_modules\react-native-worklets\android\.cxx\Debug\4t45334v\arm64-v8a'
  [0/2] Re-checking globbed directories...
  [1/33] Building CXX object CMakeFiles/worklets.dir/2b1ab6a136c1d0954b923f2da9035b3f/react-native-worklets/Common/cpp/
worklets/Resources/SynchronizableUnpacker.cpp.o
  [2/33] Building CXX object CMakeFiles/worklets.dir/D_/Projects/Swiftride/android/node_modules/react-native-worklets/C
ommon/cpp/worklets/Resources/ValueUnpacker.cpp.o
  [3/33] Building CXX object CMakeFiles/worklets.dir/D_/Projects/Swiftride/android/node_modules/react-native-worklets/C
ommon/cpp/worklets/Tools/FeatureFlags.cpp.o
  [4/33] Building CXX object CMakeFiles/worklets.dir/2b1ab6a136c1d0954b923f2da9035b3f/react-native-worklets/Common/cpp/
worklets/SharedItems/SynchronizableAccess.cpp.o
  [5/33] Building CXX object CMakeFiles/worklets.dir/2b1ab6a136c1d0954b923f2da9035b3f/react-native-worklets/Common/cpp/
worklets/Registries/WorkletRuntimeRegistry.cpp.o
  [6/33] Building CXX object CMakeFiles/worklets.dir/D_/Projects/Swiftride/android/node_modules/react-native-worklets/C
ommon/cpp/worklets/SharedItems/Synchronizable.cpp.o
  [7/33] Building CXX object CMakeFiles/worklets.dir/D_/Projects/Swiftride/android/node_modules/react-native-worklets/C
ommon/cpp/worklets/Tools/JSScheduler.cpp.o
  [8/33] Building CXX object CMakeFiles/worklets.dir/D_/Projects/Swiftride/android/node_modules/react-native-worklets/C
ommon/cpp/worklets/Tools/JSLogger.cpp.o
  [9/33] Building CXX object CMakeFiles/worklets.dir/D_/Projects/Swiftride/android/node_modules/react-native-worklets/C
ommon/cpp/worklets/RunLoop/AsyncQueueImpl.cpp.o
  [10/33] Building CXX object CMakeFiles/worklets.dir/D_/Projects/Swiftride/android/node_modules/react-native-worklets/
Common/cpp/worklets/Tools/WorkletsJSIUtils.cpp.o
  [11/33] Building CXX object CMakeFiles/worklets.dir/D_/Projects/Swiftride/android/node_modules/react-native-worklets/
Common/cpp/worklets/Tools/JSISerializer.cpp.o
  [12/33] Building CXX object CMakeFiles/worklets.dir/D_/Projects/Swiftride/android/node_modules/react-native-worklets/
Common/cpp/worklets/Tools/UIScheduler.cpp.o
  [13/33] Building CXX object CMakeFiles/worklets.dir/D_/Projects/Swiftride/android/node_modules/react-native-worklets/
Common/cpp/worklets/RunLoop/EventLoop.cpp.o
  [14/33] Building CXX object CMakeFiles/worklets.dir/D_/Projects/Swiftride/android/node_modules/react-native-worklets/
Common/cpp/worklets/SharedItems/Serializable.cpp.o
  [15/33] Building CXX object CMakeFiles/worklets.dir/D_/Projects/Swiftride/android/node_modules/react-native-worklets/
Common/cpp/worklets/Tools/WorkletsVersion.cpp.o
  [16/33] Building CXX object CMakeFiles/worklets.dir/D_/Projects/Swiftride/android/node_modules/react-native-worklets/
Common/cpp/worklets/WorkletRuntime/RuntimeData.cpp.o
  [17/33] Building CXX object CMakeFiles/worklets.dir/D_/Projects/Swiftride/android/node_modules/react-native-worklets/
Common/cpp/worklets/Tools/VersionUtils.cpp.o
  [18/33] Building CXX object CMakeFiles/worklets.dir/src/main/cpp/worklets/android/PlatformLogger.cpp.o
  [19/33] Building CXX object CMakeFiles/worklets.dir/D_/Projects/Swiftride/android/node_modules/react-native-worklets/
Common/cpp/worklets/Tools/WorkletEventHandler.cpp.o
  [20/33] Building CXX object CMakeFiles/worklets.dir/2b1ab6a136c1d0954b923f2da9035b3f/react-native-worklets/Common/cpp
/worklets/WorkletRuntime/UIRuntimeDecorator.cpp.o
  [21/33] Building CXX object CMakeFiles/worklets.dir/85327ceb1a9649f37463c5cf709d9573/Common/cpp/worklets/AnimationFra
meQueue/AnimationFrameBatchinator.cpp.o
  [22/33] Building CXX object CMakeFiles/worklets.dir/2b1ab6a136c1d0954b923f2da9035b3f/react-native-worklets/Common/cpp
/worklets/WorkletRuntime/WorkletHermesRuntime.cpp.o
  [23/33] Building CXX object CMakeFiles/worklets.dir/src/main/cpp/worklets/android/AndroidUIScheduler.cpp.o
  [24/33] Building CXX object CMakeFiles/worklets.dir/2b1ab6a136c1d0954b923f2da9035b3f/react-native-worklets/Common/cpp
/worklets/WorkletRuntime/RNRuntimeWorkletDecorator.cpp.o
  [25/33] Building CXX object CMakeFiles/worklets.dir/2b1ab6a136c1d0954b923f2da9035b3f/react-native-worklets/Common/cpp
/worklets/Registries/EventHandlerRegistry.cpp.o
  [26/33] Building CXX object CMakeFiles/worklets.dir/2b1ab6a136c1d0954b923f2da9035b3f/react-native-worklets/Common/cpp
/worklets/NativeModules/WorkletsModuleProxy.cpp.o
  [27/33] Building CXX object CMakeFiles/worklets.dir/D_/Projects/Swiftride/android/node_modules/react-native-worklets/
Common/cpp/worklets/WorkletRuntime/WorkletRuntime.cpp.o
  [28/33] Building CXX object CMakeFiles/worklets.dir/D_/Projects/Swiftride/android/node_modules/react-native-worklets/
Common/cpp/worklets/WorkletRuntime/RuntimeManager.cpp.o
  [29/33] Building CXX object CMakeFiles/worklets.dir/src/main/cpp/worklets/android/WorkletsOnLoad.cpp.o
  [30/33] Building CXX object CMakeFiles/worklets.dir/src/main/cpp/worklets/android/WorkletsModule.cpp.o
  [31/33] Building CXX object CMakeFiles/worklets.dir/2b1ab6a136c1d0954b923f2da9035b3f/react-native-worklets/Common/cpp
/worklets/WorkletRuntime/WorkletRuntimeDecorator.cpp.o
  [32/33] Building CXX object CMakeFiles/worklets.dir/2b1ab6a136c1d0954b923f2da9035b3f/react-native-worklets/Common/cpp
/worklets/NativeModules/JSIWorkletsModuleProxy.cpp.o
  [33/33] Linking CXX shared library ..\..\..\..\build\intermediates\cxx\Debug\4t45334v\obj\arm64-v8a\libworklets.so
  FAILED: ../../../../build/intermediates/cxx/Debug/4t45334v/obj/arm64-v8a/libworklets.so 
  cmd.exe /C "cd . && 
C:\Users\BASITA~1\AppData\Local\Android\Sdk\ndk\271~1.122\TOOLCH~1\llvm\prebuilt\WINDOW~1\bin\CLANG_~1.EXE 
--target=aarch64-none-linux-android24 --sysroot="C:/Users/Basit 
Ali/AppData/Local/Android/Sdk/ndk/27.1.12297006/toolchains/llvm/prebuilt/windows-x86_64/sysroot" -fPIC -g -DANDROID 
-fdata-sections -ffunction-sections -funwind-tables -fstack-protector-strong -no-canonical-prefixes 
-D__BIONIC_NO_PAGE_SIZE_MACRO -D_FORTIFY_SOURCE=2 -Wformat -Werror=format-security   -DREACT_NATIVE_MINOR_VERSION=81   
      -DWORKLETS_VERSION=0.5.1         
-DWORKLETS_FEATURE_FLAGS="[RUNTIME_TEST_FLAG:false][IOS_DYNAMIC_FRAMERATE_ENABLED:true]" -fno-omit-frame-pointer 
-fstack-protector-all -DJS_RUNTIME_HERMES=1 -DHERMES_ENABLE_DEBUGGER=1 -fno-limit-debug-info  
-Wl,-z,max-page-size=16384 -Wl,--build-id=sha1 -Wl,--no-rosegment -Wl,--no-undefined-version -Wl,--fatal-warnings 
-Wl,--no-undefined -Qunused-arguments -shared -Wl,-soname,libworklets.so -o 
..\..\..\..\build\intermediates\cxx\Debug\4t45334v\obj\arm64-v8a\libworklets.so @CMakeFiles\worklets.rsp  && cd ."
  ld.lld: error: undefined symbol: std::__ndk1::basic_string<char, std::__ndk1::char_traits<char>, 
std::__ndk1::allocator<char>>::basic_string(std::__ndk1::basic_string<char, std::__ndk1::char_traits<char>, 
std::__ndk1::allocator<char>> const&)
  >>> referenced by JSIWorkletsModuleProxy.cpp:142 (D:/Projects/Swiftride/android/node_modules/react-native-worklets/Co
mmon/cpp/worklets/NativeModules/JSIWorkletsModuleProxy.cpp:142)
  >>>               CMakeFiles/worklets.dir/2b1ab6a136c1d0954b923f2da9035b3f/react-native-worklets/Common/cpp/worklets/
NativeModules/JSIWorkletsModuleProxy.cpp.o:(worklets::JSIWorkletsModuleProxy::JSIWorkletsModuleProxy(bool, 
std::__ndk1::shared_ptr<facebook::react::BigStringBuffer const> const&, std::__ndk1::basic_string<char, 
std::__ndk1::char_traits<char>, std::__ndk1::allocator<char>> const&, 
std::__ndk1::shared_ptr<facebook::react::MessageQueueThread> const&, std::__ndk1::shared_ptr<worklets::JSScheduler> 
const&, std::__ndk1::shared_ptr<worklets::UIScheduler> const&, std::__ndk1::shared_ptr<worklets::RuntimeManager> 
const&, std::__ndk1::weak_ptr<worklets::WorkletRuntime> const&))
  >>> referenced by pair.h:234 (C:/Users/Basit Ali/AppData/Local/Android/Sdk/ndk/27.1.12297006/toolchains/llvm/prebuilt
/windows-x86_64/sysroot/usr/include/c++/v1/__utility/pair.h:234)
  >>>               CMakeFiles/worklets.dir/2b1ab6a136c1d0954b923f2da9035b3f/react-native-worklets/Common/cpp/worklets/
Registries/EventHandlerRegistry.cpp.o:(std::__ndk1::pair<int, std::__ndk1::basic_string<char, 
std::__ndk1::char_traits<char>, std::__ndk1::allocator<char>>>::pair[abi:ne180000]<unsigned long, 
std::__ndk1::basic_string<char, std::__ndk1::char_traits<char>, std::__ndk1::allocator<char>>, 
0>(std::__ndk1::pair<unsigned long, std::__ndk1::basic_string<char, std::__ndk1::char_traits<char>, 
std::__ndk1::allocator<char>>> const&))
  >>> referenced by AsyncQueueImpl.cpp:10 
(D:/Projects/Swiftride/android/node_modules/react-native-worklets/Common/cpp/worklets/RunLoop/AsyncQueueImpl.cpp:10)
  >>>               CMakeFiles/worklets.dir/D_/Projects/Swiftride/android/node_modules/react-native-worklets/Common/cpp
/worklets/RunLoop/AsyncQueueImpl.cpp.o:(worklets::AsyncQueueImpl::AsyncQueueImpl(std::__ndk1::basic_string<char, 
std::__ndk1::char_traits<char>, std::__ndk1::allocator<char>>))
  >>> referenced 26 more times
  
  ld.lld: error: undefined symbol: std::__ndk1::basic_string<char, std::__ndk1::char_traits<char>, 
std::__ndk1::allocator<char>>::~basic_string()
  >>> referenced by pair.h:80 (C:/Users/Basit Ali/AppData/Local/Android/Sdk/ndk/27.1.12297006/toolchains/llvm/prebuilt/
windows-x86_64/sysroot/usr/include/c++/v1/__utility/pair.h:80)
  >>>               CMakeFiles/worklets.dir/2b1ab6a136c1d0954b923f2da9035b3f/react-native-worklets/Common/cpp/worklets/
Registries/EventHandlerRegistry.cpp.o:(std::__ndk1::pair<int, std::__ndk1::basic_string<char, 
std::__ndk1::char_traits<char>, std::__ndk1::allocator<char>>>::~pair())
  >>> referenced by pair.h:80 (C:/Users/Basit Ali/AppData/Local/Android/Sdk/ndk/27.1.12297006/toolchains/llvm/prebuilt/
windows-x86_64/sysroot/usr/include/c++/v1/__utility/pair.h:80)
  >>>               CMakeFiles/worklets.dir/2b1ab6a136c1d0954b923f2da9035b3f/react-native-worklets/Common/cpp/worklets/
Registries/EventHandlerRegistry.cpp.o:(std::__ndk1::pair<unsigned long, std::__ndk1::basic_string<char, 
std::__ndk1::char_traits<char>, std::__ndk1::allocator<char>>>::~pair())
  >>> referenced by JSIWorkletsModuleProxy.cpp:161 (D:/Projects/Swiftride/android/node_modules/react-native-worklets/Co
mmon/cpp/worklets/NativeModules/JSIWorkletsModuleProxy.cpp:161)
  >>>               CMakeFiles/worklets.dir/2b1ab6a136c1d0954b923f2da9035b3f/react-native-worklets/Common/cpp/worklets/
NativeModules/JSIWorkletsModuleProxy.cpp.o:(worklets::JSIWorkletsModuleProxy::~JSIWorkletsModuleProxy())
  >>> referenced 329 more times
  
  ld.lld: error: undefined symbol: std::__ndk1::thread::detach()
  >>> referenced by AsyncQueueImpl.cpp:33 
(D:/Projects/Swiftride/android/node_modules/react-native-worklets/Common/cpp/worklets/RunLoop/AsyncQueueImpl.cpp:33)
  >>>               CMakeFiles/worklets.dir/D_/Projects/Swiftride/android/node_modules/react-native-worklets/Common/cpp
/worklets/RunLoop/AsyncQueueImpl.cpp.o:(worklets::AsyncQueueImpl::AsyncQueueImpl(std::__ndk1::basic_string<char, 
std::__ndk1::char_traits<char>, std::__ndk1::allocator<char>>))
  >>> referenced by EventLoop.cpp:78 
(D:/Projects/Swiftride/android/node_modules/react-native-worklets/Common/cpp/worklets/RunLoop/EventLoop.cpp:78)
  >>>               CMakeFiles/worklets.dir/D_/Projects/Swiftride/android/node_modules/react-native-worklets/Common/cpp
/worklets/RunLoop/EventLoop.cpp.o:(worklets::EventLoop::run())
  
  ld.lld: error: undefined symbol: std::__ndk1::thread::~thread()
  >>> referenced by AsyncQueueImpl.cpp:34 
(D:/Projects/Swiftride/android/node_modules/react-native-worklets/Common/cpp/worklets/RunLoop/AsyncQueueImpl.cpp:34)
  >>>               CMakeFiles/worklets.dir/D_/Projects/Swiftride/android/node_modules/react-native-worklets/Common/cpp
/worklets/RunLoop/AsyncQueueImpl.cpp.o:(worklets::AsyncQueueImpl::AsyncQueueImpl(std::__ndk1::basic_string<char, 
std::__ndk1::char_traits<char>, std::__ndk1::allocator<char>>))
  >>> referenced by AsyncQueueImpl.cpp:34 
(D:/Projects/Swiftride/android/node_modules/react-native-worklets/Common/cpp/worklets/RunLoop/AsyncQueueImpl.cpp:34)
  >>>               CMakeFiles/worklets.dir/D_/Projects/Swiftride/android/node_modules/react-native-worklets/Common/cpp
/worklets/RunLoop/AsyncQueueImpl.cpp.o:(worklets::AsyncQueueImpl::AsyncQueueImpl(std::__ndk1::basic_string<char, 
std::__ndk1::char_traits<char>, std::__ndk1::allocator<char>>))
  >>> referenced by EventLoop.cpp:79 
(D:/Projects/Swiftride/android/node_modules/react-native-worklets/Common/cpp/worklets/RunLoop/EventLoop.cpp:79)
  >>>               CMakeFiles/worklets.dir/D_/Projects/Swiftride/android/node_modules/react-native-worklets/Common/cpp
/worklets/RunLoop/EventLoop.cpp.o:(worklets::EventLoop::run())
  >>> referenced 1 more times
  
  ld.lld: error: undefined symbol: operator delete(void*)
  >>> referenced by function.h:250 (C:/Users/Basit Ali/AppData/Local/Android/Sdk/ndk/27.1.12297006/toolchains/llvm/preb
uilt/windows-x86_64/sysroot/usr/include/c++/v1/__functional/function.h:250)
  >>>               CMakeFiles/worklets.dir/src/main/cpp/worklets/android/WorkletsOnLoad.cpp.o:(std::__ndk1::__function
::__func<JNI_OnLoad::$_0, std::__ndk1::allocator<JNI_OnLoad::$_0>, void ()>::~__func())
  >>> referenced by thread.h:206 (C:/Users/Basit Ali/AppData/Local/Android/Sdk/ndk/27.1.12297006/toolchains/llvm/prebui
lt/windows-x86_64/sysroot/usr/include/c++/v1/__thread/thread.h:206)
  >>>               CMakeFiles/worklets.dir/D_/Projects/Swiftride/android/node_modules/react-native-worklets/Common/cpp
/worklets/RunLoop/AsyncQueueImpl.cpp.o:(std::__ndk1::thread::thread<worklets::AsyncQueueImpl::AsyncQueueImpl(std::__ndk
1::basic_string<char, std::__ndk1::char_traits<char>, std::__ndk1::allocator<char>>)::$_0, 
void>(worklets::AsyncQueueImpl::AsyncQueueImpl(std::__ndk1::basic_string<char, std::__ndk1::char_traits<char>, 
std::__ndk1::allocator<char>>)::$_0&&))
  >>> referenced by JSIWorkletsModuleProxy.cpp:161 (D:/Projects/Swiftride/android/node_modules/react-native-worklets/Co
mmon/cpp/worklets/NativeModules/JSIWorkletsModuleProxy.cpp:161)
  >>>               CMakeFiles/worklets.dir/2b1ab6a136c1d0954b923f2da9035b3f/react-native-worklets/Common/cpp/worklets/
NativeModules/JSIWorkletsModuleProxy.cpp.o:(worklets::JSIWorkletsModuleProxy::~JSIWorkletsModuleProxy())
  >>> referenced 229 more times
  
  ld.lld: error: undefined symbol: operator new(unsigned long)
  >>> referenced by thread.h:206 (C:/Users/Basit Ali/AppData/Local/Android/Sdk/ndk/27.1.12297006/toolchains/llvm/prebui
lt/windows-x86_64/sysroot/usr/include/c++/v1/__thread/thread.h:206)
  >>>               CMakeFiles/worklets.dir/D_/Projects/Swiftride/android/node_modules/react-native-worklets/Common/cpp
/worklets/RunLoop/AsyncQueueImpl.cpp.o:(std::__ndk1::thread::thread<worklets::AsyncQueueImpl::AsyncQueueImpl(std::__ndk
1::basic_string<char, std::__ndk1::char_traits<char>, std::__ndk1::allocator<char>>)::$_0, 
void>(worklets::AsyncQueueImpl::AsyncQueueImpl(std::__ndk1::basic_string<char, std::__ndk1::char_traits<char>, 
std::__ndk1::allocator<char>>)::$_0&&))
  >>> referenced by thread.h:208 (C:/Users/Basit Ali/AppData/Local/Android/Sdk/ndk/27.1.12297006/toolchains/llvm/prebui
lt/windows-x86_64/sysroot/usr/include/c++/v1/__thread/thread.h:208)
  >>>               CMakeFiles/worklets.dir/D_/Projects/Swiftride/android/node_modules/react-native-worklets/Common/cpp
/worklets/RunLoop/AsyncQueueImpl.cpp.o:(std::__ndk1::thread::thread<worklets::AsyncQueueImpl::AsyncQueueImpl(std::__ndk
1::basic_string<char, std::__ndk1::char_traits<char>, std::__ndk1::allocator<char>>)::$_0, 
void>(worklets::AsyncQueueImpl::AsyncQueueImpl(std::__ndk1::basic_string<char, std::__ndk1::char_traits<char>, 
std::__ndk1::allocator<char>>)::$_0&&))
  >>> referenced by Hybrid.h:226 (C:/Users/Basit Ali/.gradle/caches/8.14.3/transforms/1d9b33ce555da17de0d2d1933ef9bfa3/
transformed/fbjni-0.7.0/prefab/modules/fbjni/include/fbjni/detail/Hybrid.h:226)
  >>>               CMakeFiles/worklets.dir/src/main/cpp/worklets/android/WorkletsModule.cpp.o:(facebook::jni::basic_st
rong_ref<facebook::jni::detail::HybridData, facebook::jni::LocalReferenceAllocator> 
facebook::jni::HybridClass<worklets::WorkletsModule, facebook::jni::detail::BaseHybridClass>::makeCxxInstance<facebook:
:jni::alias_ref<facebook::jni::detail::JTypeFor<facebook::jni::HybridClass<worklets::WorkletsModule, 
facebook::jni::detail::BaseHybridClass>::JavaPart, facebook::jni::JObject, void>::_javaobject*>&, 
facebook::jsi::Runtime*&, 
facebook::jni::alias_ref<facebook::jni::detail::JTypeFor<facebook::react::JavaMessageQueueThread, 
facebook::jni::JObject, void>::_javaobject*>&, std::__ndk1::shared_ptr<facebook::react::CallInvoker>&, 
std::__ndk1::shared_ptr<worklets::UIScheduler>&, std::__ndk1::shared_ptr<facebook::react::BigStringBuffer const>&, 
std::__ndk1::basic_string<char, std::__ndk1::char_traits<char>, std::__ndk1::allocator<char>> 
const&>(facebook::jni::alias_ref<facebook::jni::detail::JTypeFor<facebook::jni::HybridClass<worklets::WorkletsModule, 
facebook::jni::detail::BaseHybridClass>::JavaPart, facebook::jni::JObject, void>::_javaobject*>&, 
facebook::jsi::Runtime*&, 
facebook::jni::alias_ref<facebook::jni::detail::JTypeFor<facebook::react::JavaMessageQueueThread, 
facebook::jni::JObject, void>::_javaobject*>&, std::__ndk1::shared_ptr<facebook::react::CallInvoker>&, 
std::__ndk1::shared_ptr<worklets::UIScheduler>&, std::__ndk1::shared_ptr<facebook::react::BigStringBuffer const>&, 
std::__ndk1::basic_string<char, std::__ndk1::char_traits<char>, std::__ndk1::allocator<char>> const&))
  >>> referenced 38 more times
  
  ld.lld: error: undefined symbol: std::__ndk1::__thread_struct::__thread_struct()
  >>> referenced by thread.h:206 (C:/Users/Basit Ali/AppData/Local/Android/Sdk/ndk/27.1.12297006/toolchains/llvm/prebui
lt/windows-x86_64/sysroot/usr/include/c++/v1/__thread/thread.h:206)
  >>>               CMakeFiles/worklets.dir/D_/Projects/Swiftride/android/node_modules/react-native-worklets/Common/cpp
/worklets/RunLoop/AsyncQueueImpl.cpp.o:(std::__ndk1::thread::thread<worklets::AsyncQueueImpl::AsyncQueueImpl(std::__ndk
1::basic_string<char, std::__ndk1::char_traits<char>, std::__ndk1::allocator<char>>)::$_0, 
void>(worklets::AsyncQueueImpl::AsyncQueueImpl(std::__ndk1::basic_string<char, std::__ndk1::char_traits<char>, 
std::__ndk1::allocator<char>>)::$_0&&))
  >>> referenced by thread.h:206 (C:/Users/Basit Ali/AppData/Local/Android/Sdk/ndk/27.1.12297006/toolchains/llvm/prebui
lt/windows-x86_64/sysroot/usr/include/c++/v1/__thread/thread.h:206)
  >>>               CMakeFiles/worklets.dir/D_/Projects/Swiftride/android/node_modules/react-native-worklets/Common/cpp
/worklets/RunLoop/EventLoop.cpp.o:(std::__ndk1::thread::thread<worklets::EventLoop::run()::$_0, 
void>(worklets::EventLoop::run()::$_0&&))
  
  ld.lld: error: undefined symbol: __cxa_begin_catch
  >>> referenced by Registration-inl.h:97 (C:/Users/Basit Ali/.gradle/caches/8.14.3/transforms/1d9b33ce555da17de0d2d193
3ef9bfa3/transformed/fbjni-0.7.0/prefab/modules/fbjni/include/fbjni/detail/Registration-inl.h:97)
  >>>               CMakeFiles/worklets.dir/src/main/cpp/worklets/android/WorkletsOnLoad.cpp.o:(facebook::jni::detail::
FunctionWrapper<void (*)(facebook::jni::alias_ref<facebook::jni::detail::JTypeFor<facebook::jni::HybridClass<worklets::
AnimationFrameCallback, facebook::jni::detail::BaseHybridClass>::JavaPart, facebook::jni::JObject, 
void>::_javaobject*>, double&&), 
facebook::jni::detail::JTypeFor<facebook::jni::HybridClass<worklets::AnimationFrameCallback, 
facebook::jni::detail::BaseHybridClass>::JavaPart, facebook::jni::JObject, void>::_javaobject*, void, 
double>::call(_JNIEnv*, _jobject*, double, void (*)(facebook::jni::alias_ref<facebook::jni::detail::JTypeFor<facebook::
jni::HybridClass<worklets::AnimationFrameCallback, facebook::jni::detail::BaseHybridClass>::JavaPart, 
facebook::jni::JObject, void>::_javaobject*>, double&&)))
  >>> referenced by Registration-inl.h:130 (C:/Users/Basit Ali/.gradle/caches/8.14.3/transforms/1d9b33ce555da17de0d2d19
33ef9bfa3/transformed/fbjni-0.7.0/prefab/modules/fbjni/include/fbjni/detail/Registration-inl.h:130)
  >>>               
CMakeFiles/worklets.dir/src/main/cpp/worklets/android/WorkletsOnLoad.cpp.o:(facebook::jni::detail::MethodWrapper<void 
(worklets::AnimationFrameCallback::*)(double), &worklets::AnimationFrameCallback::onAnimationFrame(double), 
worklets::AnimationFrameCallback, void, double>::dispatch(facebook::jni::alias_ref<facebook::jni::detail::JTypeFor<face
book::jni::HybridClass<worklets::AnimationFrameCallback, facebook::jni::detail::BaseHybridClass>::JavaPart, 
facebook::jni::JObject, void>::_javaobject*>, double&&))
  >>> referenced by __split_buffer:447 (C:/Users/Basit Ali/AppData/Local/Android/Sdk/ndk/27.1.12297006/toolchains/llvm/
prebuilt/windows-x86_64/sysroot/usr/include/c++/v1/__split_buffer:447)
  >>>               CMakeFiles/worklets.dir/D_/Projects/Swiftride/android/node_modules/react-native-worklets/Common/cpp
/worklets/RunLoop/AsyncQueueImpl.cpp.o:(std::__ndk1::__split_buffer<std::__ndk1::function<void ()>*, 
std::__ndk1::allocator<std::__ndk1::function<void ()>*>>::shrink_to_fit())
  >>> referenced 10 more times
  
  ld.lld: error: undefined symbol: std::__ndk1::__throw_system_error(int, char const*)
  >>> referenced by thread.h:213 (C:/Users/Basit Ali/AppData/Local/Android/Sdk/ndk/27.1.12297006/toolchains/llvm/prebui
lt/windows-x86_64/sysroot/usr/include/c++/v1/__thread/thread.h:213)
  >>>               CMakeFiles/worklets.dir/D_/Projects/Swiftride/android/node_modules/react-native-worklets/Common/cpp
/worklets/RunLoop/AsyncQueueImpl.cpp.o:(std::__ndk1::thread::thread<worklets::AsyncQueueImpl::AsyncQueueImpl(std::__ndk
1::basic_string<char, std::__ndk1::char_traits<char>, std::__ndk1::allocator<char>>)::$_0, 
void>(worklets::AsyncQueueImpl::AsyncQueueImpl(std::__ndk1::basic_string<char, std::__ndk1::char_traits<char>, 
std::__ndk1::allocator<char>>)::$_0&&))
  >>> referenced by thread.h:213 (C:/Users/Basit Ali/AppData/Local/Android/Sdk/ndk/27.1.12297006/toolchains/llvm/prebui
lt/windows-x86_64/sysroot/usr/include/c++/v1/__thread/thread.h:213)
  >>>               CMakeFiles/worklets.dir/D_/Projects/Swiftride/android/node_modules/react-native-worklets/Common/cpp
/worklets/RunLoop/EventLoop.cpp.o:(std::__ndk1::thread::thread<worklets::EventLoop::run()::$_0, 
void>(worklets::EventLoop::run()::$_0&&))
  >>> referenced by unique_lock.h:159 (C:/Users/Basit Ali/AppData/Local/Android/Sdk/ndk/27.1.12297006/toolchains/llvm/p
rebuilt/windows-x86_64/sysroot/usr/include/c++/v1/__mutex/unique_lock.h:159)
  >>>               CMakeFiles/worklets.dir/D_/Projects/Swiftride/android/node_modules/react-native-worklets/Common/cpp
/worklets/WorkletRuntime/WorkletRuntime.cpp.o:(std::__ndk1::unique_lock<std::__ndk1::recursive_mutex>::unlock())
  >>> referenced 1 more times
  
  ld.lld: error: undefined symbol: __cxa_end_catch
  >>> referenced by Registration-inl.h:100 (C:/Users/Basit Ali/.gradle/caches/8.14.3/transforms/1d9b33ce555da17de0d2d19
33ef9bfa3/transformed/fbjni-0.7.0/prefab/modules/fbjni/include/fbjni/detail/Registration-inl.h:100)
  >>>               CMakeFiles/worklets.dir/src/main/cpp/worklets/android/WorkletsOnLoad.cpp.o:(facebook::jni::detail::
FunctionWrapper<void (*)(facebook::jni::alias_ref<facebook::jni::detail::JTypeFor<facebook::jni::HybridClass<worklets::
AnimationFrameCallback, facebook::jni::detail::BaseHybridClass>::JavaPart, facebook::jni::JObject, 
void>::_javaobject*>, double&&), 
facebook::jni::detail::JTypeFor<facebook::jni::HybridClass<worklets::AnimationFrameCallback, 
facebook::jni::detail::BaseHybridClass>::JavaPart, facebook::jni::JObject, void>::_javaobject*, void, 
double>::call(_JNIEnv*, _jobject*, double, void (*)(facebook::jni::alias_ref<facebook::jni::detail::JTypeFor<facebook::
jni::HybridClass<worklets::AnimationFrameCallback, facebook::jni::detail::BaseHybridClass>::JavaPart, 
facebook::jni::JObject, void>::_javaobject*>, double&&)))
  >>> referenced by Registration-inl.h:100 (C:/Users/Basit Ali/.gradle/caches/8.14.3/transforms/1d9b33ce555da17de0d2d19
33ef9bfa3/transformed/fbjni-0.7.0/prefab/modules/fbjni/include/fbjni/detail/Registration-inl.h:100)
  >>>               CMakeFiles/worklets.dir/src/main/cpp/worklets/android/WorkletsOnLoad.cpp.o:(facebook::jni::detail::
FunctionWrapper<void (*)(facebook::jni::alias_ref<facebook::jni::detail::JTypeFor<facebook::jni::HybridClass<worklets::
AnimationFrameCallback, facebook::jni::detail::BaseHybridClass>::JavaPart, facebook::jni::JObject, 
void>::_javaobject*>, double&&), 
facebook::jni::detail::JTypeFor<facebook::jni::HybridClass<worklets::AnimationFrameCallback, 
facebook::jni::detail::BaseHybridClass>::JavaPart, facebook::jni::JObject, void>::_javaobject*, void, 
double>::call(_JNIEnv*, _jobject*, double, void (*)(facebook::jni::alias_ref<facebook::jni::detail::JTypeFor<facebook::
jni::HybridClass<worklets::AnimationFrameCallback, facebook::jni::detail::BaseHybridClass>::JavaPart, 
facebook::jni::JObject, void>::_javaobject*>, double&&)))
  >>> referenced by Registration-inl.h:133 (C:/Users/Basit Ali/.gradle/caches/8.14.3/transforms/1d9b33ce555da17de0d2d19
33ef9bfa3/transformed/fbjni-0.7.0/prefab/modules/fbjni/include/fbjni/detail/Registration-inl.h:133)
  >>>               
CMakeFiles/worklets.dir/src/main/cpp/worklets/android/WorkletsOnLoad.cpp.o:(facebook::jni::detail::MethodWrapper<void 
(worklets::AnimationFrameCallback::*)(double), &worklets::AnimationFrameCallback::onAnimationFrame(double), 
worklets::AnimationFrameCallback, void, double>::dispatch(facebook::jni::alias_ref<facebook::jni::detail::JTypeFor<face
book::jni::HybridClass<worklets::AnimationFrameCallback, facebook::jni::detail::BaseHybridClass>::JavaPart, 
facebook::jni::JObject, void>::_javaobject*>, double&&))
  >>> referenced 15 more times
  
  ld.lld: error: undefined symbol: std::current_exception()
  >>> referenced by Registration-inl.h:131 (C:/Users/Basit Ali/.gradle/caches/8.14.3/transforms/1d9b33ce555da17de0d2d19
33ef9bfa3/transformed/fbjni-0.7.0/prefab/modules/fbjni/include/fbjni/detail/Registration-inl.h:131)
  >>>               
CMakeFiles/worklets.dir/src/main/cpp/worklets/android/WorkletsOnLoad.cpp.o:(facebook::jni::detail::MethodWrapper<void 
(worklets::AnimationFrameCallback::*)(double), &worklets::AnimationFrameCallback::onAnimationFrame(double), 
worklets::AnimationFrameCallback, void, double>::dispatch(facebook::jni::alias_ref<facebook::jni::detail::JTypeFor<face
book::jni::HybridClass<worklets::AnimationFrameCallback, facebook::jni::detail::BaseHybridClass>::JavaPart, 
facebook::jni::JObject, void>::_javaobject*>, double&&))
  >>> referenced by Registration-inl.h:131 (C:/Users/Basit Ali/.gradle/caches/8.14.3/transforms/1d9b33ce555da17de0d2d19
33ef9bfa3/transformed/fbjni-0.7.0/prefab/modules/fbjni/include/fbjni/detail/Registration-inl.h:131)
  >>>               CMakeFiles/worklets.dir/src/main/cpp/worklets/android/AndroidUIScheduler.cpp.o:(facebook::jni::deta
il::MethodWrapper<void (worklets::AndroidUIScheduler::*)(), &worklets::AndroidUIScheduler::triggerUI(), 
worklets::AndroidUIScheduler, void>::dispatch(facebook::jni::alias_ref<facebook::jni::detail::JTypeFor<facebook::jni::H
ybridClass<worklets::AndroidUIScheduler, facebook::jni::detail::BaseHybridClass>::JavaPart, facebook::jni::JObject, 
void>::_javaobject*>))
  >>> referenced by Registration-inl.h:131 (C:/Users/Basit Ali/.gradle/caches/8.14.3/transforms/1d9b33ce555da17de0d2d19
33ef9bfa3/transformed/fbjni-0.7.0/prefab/modules/fbjni/include/fbjni/detail/Registration-inl.h:131)
  >>>               CMakeFiles/worklets.dir/src/main/cpp/worklets/android/AndroidUIScheduler.cpp.o:(facebook::jni::deta
il::MethodWrapper<void (worklets::AndroidUIScheduler::*)(), &worklets::AndroidUIScheduler::invalidate(), 
worklets::AndroidUIScheduler, void>::dispatch(facebook::jni::alias_ref<facebook::jni::detail::JTypeFor<facebook::jni::H
ybridClass<worklets::AndroidUIScheduler, facebook::jni::detail::BaseHybridClass>::JavaPart, facebook::jni::JObject, 
void>::_javaobject*>))
  >>> referenced 2 more times
  
  ld.lld: error: undefined symbol: std::__ndk1::recursive_mutex::recursive_mutex()
  >>> referenced by SynchronizableAccess.h:8 (D:/Projects/Swiftride/android/node_modules/react-native-worklets/android/
../Common/cpp/worklets/SharedItems/SynchronizableAccess.h:8)
  >>>               CMakeFiles/worklets.dir/D_/Projects/Swiftride/android/node_modules/react-native-worklets/Common/cpp
/worklets/SharedItems/Synchronizable.cpp.o:(worklets::SynchronizableAccess::SynchronizableAccess())
  >>> referenced by construct_at.h:41 (C:/Users/Basit Ali/AppData/Local/Android/Sdk/ndk/27.1.12297006/toolchains/llvm/p
rebuilt/windows-x86_64/sysroot/usr/include/c++/v1/__memory/construct_at.h:41)
  >>>               CMakeFiles/worklets.dir/D_/Projects/Swiftride/android/node_modules/react-native-worklets/Common/cpp
/worklets/WorkletRuntime/WorkletRuntime.cpp.o:(std::__ndk1::recursive_mutex* 
std::__ndk1::construct_at[abi:ne180000]<std::__ndk1::recursive_mutex, 
std::__ndk1::recursive_mutex*>(std::__ndk1::recursive_mutex*))
  
  ld.lld: error: undefined symbol: std::__ndk1::mutex::~mutex()
  >>> referenced by SynchronizableAccess.h:8 (D:/Projects/Swiftride/android/node_modules/react-native-worklets/android/
../Common/cpp/worklets/SharedItems/SynchronizableAccess.h:8)
  >>>               CMakeFiles/worklets.dir/D_/Projects/Swiftride/android/node_modules/react-native-worklets/Common/cpp
/worklets/SharedItems/Synchronizable.cpp.o:(worklets::SynchronizableAccess::SynchronizableAccess())
  >>> referenced by SynchronizableAccess.h:8 (D:/Projects/Swiftride/android/node_modules/react-native-worklets/android/
../Common/cpp/worklets/SharedItems/SynchronizableAccess.h:8)
  >>>               CMakeFiles/worklets.dir/D_/Projects/Swiftride/android/node_modules/react-native-worklets/Common/cpp
/worklets/SharedItems/Synchronizable.cpp.o:(worklets::SynchronizableAccess::~SynchronizableAccess())
  >>> referenced by WorkletRuntimeRegistry.cpp:0 (D:/Projects/Swiftride/android/node_modules/react-native-worklets/Comm
on/cpp/worklets/Registries/WorkletRuntimeRegistry.cpp:0)
  >>>               CMakeFiles/worklets.dir/2b1ab6a136c1d0954b923f2da9035b3f/react-native-worklets/Common/cpp/worklets/
Registries/WorkletRuntimeRegistry.cpp.o:(__cxx_global_var_init.1)
  >>> referenced 7 more times
  
  ld.lld: error: undefined symbol: std::__ndk1::condition_variable::notify_all()
  >>> referenced by AsyncQueueImpl.cpp:42 
(D:/Projects/Swiftride/android/node_modules/react-native-worklets/Common/cpp/worklets/RunLoop/AsyncQueueImpl.cpp:42)
  >>>               CMakeFiles/worklets.dir/D_/Projects/Swiftride/android/node_modules/react-native-worklets/Common/cpp
/worklets/RunLoop/AsyncQueueImpl.cpp.o:(worklets::AsyncQueueImpl::~AsyncQueueImpl())
  >>> referenced by EventLoop.cpp:24 
(D:/Projects/Swiftride/android/node_modules/react-native-worklets/Common/cpp/worklets/RunLoop/EventLoop.cpp:24)
  >>>               CMakeFiles/worklets.dir/D_/Projects/Swiftride/android/node_modules/react-native-worklets/Common/cpp
/worklets/RunLoop/EventLoop.cpp.o:(worklets::EventLoop::~EventLoop())
  >>> referenced by SynchronizableAccess.cpp:19 (D:/Projects/Swiftride/android/node_modules/react-native-worklets/Commo
n/cpp/worklets/SharedItems/SynchronizableAccess.cpp:19)
  >>>               CMakeFiles/worklets.dir/2b1ab6a136c1d0954b923f2da9035b3f/react-native-worklets/Common/cpp/worklets/
SharedItems/SynchronizableAccess.cpp.o:(worklets::SynchronizableAccess::getBlockingAfter())
  >>> referenced 2 more times
  
  ld.lld: error: undefined symbol: std::exception_ptr::~exception_ptr()
  >>> referenced by Registration-inl.h:131 (C:/Users/Basit Ali/.gradle/caches/8.14.3/transforms/1d9b33ce555da17de0d2d19
33ef9bfa3/transformed/fbjni-0.7.0/prefab/modules/fbjni/include/fbjni/detail/Registration-inl.h:131)
  >>>               
CMakeFiles/worklets.dir/src/main/cpp/worklets/android/WorkletsOnLoad.cpp.o:(facebook::jni::detail::MethodWrapper<void 
(worklets::AnimationFrameCallback::*)(double), &worklets::AnimationFrameCallback::onAnimationFrame(double), 
worklets::AnimationFrameCallback, void, double>::dispatch(facebook::jni::alias_ref<facebook::jni::detail::JTypeFor<face
book::jni::HybridClass<worklets::AnimationFrameCallback, facebook::jni::detail::BaseHybridClass>::JavaPart, 
facebook::jni::JObject, void>::_javaobject*>, double&&))
  >>> referenced by Registration-inl.h:131 (C:/Users/Basit Ali/.gradle/caches/8.14.3/transforms/1d9b33ce555da17de0d2d19
33ef9bfa3/transformed/fbjni-0.7.0/prefab/modules/fbjni/include/fbjni/detail/Registration-inl.h:131)
  >>>               
CMakeFiles/worklets.dir/src/main/cpp/worklets/android/WorkletsOnLoad.cpp.o:(facebook::jni::detail::MethodWrapper<void 
(worklets::AnimationFrameCallback::*)(double), &worklets::AnimationFrameCallback::onAnimationFrame(double), 
worklets::AnimationFrameCallback, void, double>::dispatch(facebook::jni::alias_ref<facebook::jni::detail::JTypeFor<face
book::jni::HybridClass<worklets::AnimationFrameCallback, facebook::jni::detail::BaseHybridClass>::JavaPart, 
facebook::jni::JObject, void>::_javaobject*>, double&&))
  >>> referenced by Registration-inl.h:131 (C:/Users/Basit Ali/.gradle/caches/8.14.3/transforms/1d9b33ce555da17de0d2d19
33ef9bfa3/transformed/fbjni-0.7.0/prefab/modules/fbjni/include/fbjni/detail/Registration-inl.h:131)
  >>>               CMakeFiles/worklets.dir/src/main/cpp/worklets/android/AndroidUIScheduler.cpp.o:(facebook::jni::deta
il::MethodWrapper<void (worklets::AndroidUIScheduler::*)(), &worklets::AndroidUIScheduler::triggerUI(), 
worklets::AndroidUIScheduler, void>::dispatch(facebook::jni::alias_ref<facebook::jni::detail::JTypeFor<facebook::jni::H
ybridClass<worklets::AndroidUIScheduler, facebook::jni::detail::BaseHybridClass>::JavaPart, facebook::jni::JObject, 
void>::_javaobject*>))
  >>> referenced 5 more times
  
  ld.lld: error: undefined symbol: __cxa_rethrow
  >>> referenced by Registration-inl.h:132 (C:/Users/Basit Ali/.gradle/caches/8.14.3/transforms/1d9b33ce555da17de0d2d19
33ef9bfa3/transformed/fbjni-0.7.0/prefab/modules/fbjni/include/fbjni/detail/Registration-inl.h:132)
  >>>               
CMakeFiles/worklets.dir/src/main/cpp/worklets/android/WorkletsOnLoad.cpp.o:(facebook::jni::detail::MethodWrapper<void 
(worklets::AnimationFrameCallback::*)(double), &worklets::AnimationFrameCallback::onAnimationFrame(double), 
worklets::AnimationFrameCallback, void, double>::dispatch(facebook::jni::alias_ref<facebook::jni::detail::JTypeFor<face
book::jni::HybridClass<worklets::AnimationFrameCallback, facebook::jni::detail::BaseHybridClass>::JavaPart, 
facebook::jni::JObject, void>::_javaobject*>, double&&))
  >>> referenced by Registration-inl.h:132 (C:/Users/Basit Ali/.gradle/caches/8.14.3/transforms/1d9b33ce555da17de0d2d19
33ef9bfa3/transformed/fbjni-0.7.0/prefab/modules/fbjni/include/fbjni/detail/Registration-inl.h:132)
  >>>               CMakeFiles/worklets.dir/src/main/cpp/worklets/android/AndroidUIScheduler.cpp.o:(facebook::jni::deta
il::MethodWrapper<void (worklets::AndroidUIScheduler::*)(), &worklets::AndroidUIScheduler::triggerUI(), 
worklets::AndroidUIScheduler, void>::dispatch(facebook::jni::alias_ref<facebook::jni::detail::JTypeFor<facebook::jni::H
ybridClass<worklets::AndroidUIScheduler, facebook::jni::detail::BaseHybridClass>::JavaPart, facebook::jni::JObject, 
void>::_javaobject*>))
  >>> referenced by Registration-inl.h:132 (C:/Users/Basit Ali/.gradle/caches/8.14.3/transforms/1d9b33ce555da17de0d2d19
33ef9bfa3/transformed/fbjni-0.7.0/prefab/modules/fbjni/include/fbjni/detail/Registration-inl.h:132)
  >>>               CMakeFiles/worklets.dir/src/main/cpp/worklets/android/AndroidUIScheduler.cpp.o:(facebook::jni::deta
il::MethodWrapper<void (worklets::AndroidUIScheduler::*)(), &worklets::AndroidUIScheduler::invalidate(), 
worklets::AndroidUIScheduler, void>::dispatch(facebook::jni::alias_ref<facebook::jni::detail::JTypeFor<facebook::jni::H
ybridClass<worklets::AndroidUIScheduler, facebook::jni::detail::BaseHybridClass>::JavaPart, facebook::jni::JObject, 
void>::_javaobject*>))
  >>> referenced 1 more times
  
  ld.lld: error: undefined symbol: std::__ndk1::__shared_weak_count::__release_weak()
  >>> referenced by shared_ptr.h:1396 (C:/Users/Basit Ali/AppData/Local/Android/Sdk/ndk/27.1.12297006/toolchains/llvm/p
rebuilt/windows-x86_64/sysroot/usr/include/c++/v1/__memory/shared_ptr.h:1396)
  >>>               CMakeFiles/worklets.dir/2b1ab6a136c1d0954b923f2da9035b3f/react-native-worklets/Common/cpp/worklets/
NativeModules/JSIWorkletsModuleProxy.cpp.o:(std::__ndk1::weak_ptr<worklets::WorkletRuntime>::~weak_ptr())
  >>> referenced by shared_ptr.h:1396 (C:/Users/Basit Ali/AppData/Local/Android/Sdk/ndk/27.1.12297006/toolchains/llvm/p
rebuilt/windows-x86_64/sysroot/usr/include/c++/v1/__memory/shared_ptr.h:1396)
  >>>               CMakeFiles/worklets.dir/D_/Projects/Swiftride/android/node_modules/react-native-worklets/Common/cpp
/worklets/RunLoop/EventLoop.cpp.o:(std::__ndk1::weak_ptr<worklets::EventLoop>::~weak_ptr())
  >>> referenced by shared_ptr.h:1396 (C:/Users/Basit Ali/AppData/Local/Android/Sdk/ndk/27.1.12297006/toolchains/llvm/p
rebuilt/windows-x86_64/sysroot/usr/include/c++/v1/__memory/shared_ptr.h:1396)
  >>>               CMakeFiles/worklets.dir/D_/Projects/Swiftride/android/node_modules/react-native-worklets/Common/cpp
/worklets/RunLoop/EventLoop.cpp.o:(std::__ndk1::weak_ptr<facebook::jsi::Runtime>::~weak_ptr())
  >>> referenced 5 more times
  
  ld.lld: error: undefined symbol: std::__ndk1::condition_variable::~condition_variable()
  >>> referenced by SynchronizableAccess.h:8 (D:/Projects/Swiftride/android/node_modules/react-native-worklets/android/
../Common/cpp/worklets/SharedItems/SynchronizableAccess.h:8)
  >>>               CMakeFiles/worklets.dir/D_/Projects/Swiftride/android/node_modules/react-native-worklets/Common/cpp
/worklets/SharedItems/Synchronizable.cpp.o:(worklets::SynchronizableAccess::~SynchronizableAccess())
  >>> referenced by AsyncQueueImpl.h:15 (D:/Projects/Swiftride/android/node_modules/react-native-worklets/android/../Co
mmon/cpp/worklets/RunLoop/AsyncQueueImpl.h:15)
  >>>               CMakeFiles/worklets.dir/D_/Projects/Swiftride/android/node_modules/react-native-worklets/Common/cpp
/worklets/RunLoop/AsyncQueueImpl.cpp.o:(worklets::AsyncQueueState::~AsyncQueueState())
  >>> referenced by shared_mutex:166 (C:/Users/Basit Ali/AppData/Local/Android/Sdk/ndk/27.1.12297006/toolchains/llvm/pr
ebuilt/windows-x86_64/sysroot/usr/include/c++/v1/shared_mutex:166)
  >>>               CMakeFiles/worklets.dir/2b1ab6a136c1d0954b923f2da9035b3f/react-native-worklets/Common/cpp/worklets/
NativeModules/WorkletsModuleProxy.cpp.o:(std::__ndk1::__shared_mutex_base::~__shared_mutex_base[abi:ne180000]())
  >>> referenced 3 more times

Deprecated Gradle features were used in this build, making it incompatible with Gradle 9.0.

You can use '--warning-mode all' to show the individual deprecation warnings and determine if they come from your own scripts or plugins.

For more on this, please refer to https://docs.gradle.org/8.14.3/userguide/command_line_interface.html#sec:command_line_warnings in the Gradle documentation.
325 actionable tasks: 146 executed, 155 from cache, 24 up-to-date
  
  ld.lld: error: undefined symbol: std::__ndk1::recursive_mutex::~recursive_mutex()
  >>> referenced by SynchronizableAccess.h:8 (D:/Projects/Swiftride/android/node_modules/react-native-worklets/android/
../Common/cpp/worklets/SharedItems/SynchronizableAccess.h:8)
  >>>               CMakeFiles/worklets.dir/D_/Projects/Swiftride/android/node_modules/react-native-worklets/Common/cpp
/worklets/SharedItems/Synchronizable.cpp.o:(worklets::SynchronizableAccess::~SynchronizableAccess())
  >>> referenced by construct_at.h:67 (C:/Users/Basit Ali/AppData/Local/Android/Sdk/ndk/27.1.12297006/toolchains/llvm/p
rebuilt/windows-x86_64/sysroot/usr/include/c++/v1/__memory/construct_at.h:67)
  >>>               CMakeFiles/worklets.dir/D_/Projects/Swiftride/android/node_modules/react-native-worklets/Common/cpp
/worklets/WorkletRuntime/WorkletRuntime.cpp.o:(void 
std::__ndk1::__destroy_at[abi:ne180000]<std::__ndk1::recursive_mutex, 0>(std::__ndk1::recursive_mutex*))
  
  ld.lld: error: undefined symbol: std::__ndk1::mutex::lock()
  >>> referenced by unique_lock.h:41 (C:/Users/Basit Ali/AppData/Local/Android/Sdk/ndk/27.1.12297006/toolchains/llvm/pr
ebuilt/windows-x86_64/sysroot/usr/include/c++/v1/__mutex/unique_lock.h:41)
  >>>               CMakeFiles/worklets.dir/D_/Projects/Swiftride/android/node_modules/react-native-worklets/Common/cpp
/worklets/RunLoop/AsyncQueueImpl.cpp.o:(std::__ndk1::unique_lock<std::__ndk1::mutex>::unique_lock[abi:ne180000](std::__
ndk1::mutex&))
  >>> referenced by lock_guard.h:35 (C:/Users/Basit Ali/AppData/Local/Android/Sdk/ndk/27.1.12297006/toolchains/llvm/pre
built/windows-x86_64/sysroot/usr/include/c++/v1/__mutex/lock_guard.h:35)
  >>>               CMakeFiles/worklets.dir/85327ceb1a9649f37463c5cf709d9573/Common/cpp/worklets/AnimationFrameQueue/An
imationFrameBatchinator.cpp.o:(std::__ndk1::lock_guard<std::__ndk1::mutex>::lock_guard[abi:ne180000](std::__ndk1::mutex
&))
  
  ld.lld: error: too many errors emitted, stopping now (use --error-limit=0 to see all errors)
  CLANG_~1: error: linker command failed with exit code 1 (use -v to see invocation)
  ninja: build stopped: subcommand failed.
  
  C++ build system [build] failed while executing:
      @echo off
      "C:\\Users\\Basit Ali\\AppData\\Local\\Android\\Sdk\\cmake\\3.22.1\\bin\\ninja.exe" ^
        -C ^
        
"D:\\Projects\\Swiftride\\android\\node_modules\\react-native-worklets\\android\\.cxx\\Debug\\4t45334v\\arm64-v8a" ^
        worklets
    from D:\Projects\Swiftride\android\node_modules\react-native-worklets\android

* Try:
> Run with --stacktrace option to get the stack trace.
> Run with --info or --debug option to get more log output.
> Run with --scan to get full insights.
> Get more help at https://help.gradle.org.
==============================================================================

BUILD FAILED in 1m 6s
Error: D:\Projects\Swiftride\android\android\gradlew.bat app:assembleDebug -x lint -x test --configure-on-demand 
--build-cache -PreactNativeDevServerPort=8081 -PreactNativeArchitectures=arm64-v8a,armeabi-v7a exited with non-zero 
code: 1
Error: D:\Projects\Swiftride\android\android\gradlew.bat app:assembleDebug -x lint -x test --configure-on-demand 
--build-cache -PreactNativeDevServerPort=8081 -PreactNativeArchitectures=arm64-v8a,armeabi-v7a exited with non-zero 
code: 1
    at ChildProcess.completionListener 
(D:\Projects\Swiftride\android\node_modules\@expo\spawn-async\src\spawnAsync.ts:67:13)
    at Object.onceWrapper (node:events:631:12)
    at ChildProcess.emit (node:events:509:20)
    at ChildProcess.cp.emit (D:\Projects\Swiftride\android\node_modules\cross-spawn\lib\enoent.js:34:29)
    at maybeClose (node:internal/child_process:1108:16)
    at Process.ChildProcess._handle.onexit (node:internal/child_process:305:5)
    ...
    at spawnAsync (D:\Projects\Swiftride\android\node_modules\@expo\spawn-async\src\spawnAsync.ts:28:21)
    at spawnGradleAsync 
(D:\Projects\Swiftride\android\node_modules\expo\node_modules\@expo\cli\src\start\platforms\android\gradle.ts:134:28)
    at assembleAsync 
(D:\Projects\Swiftride\android\node_modules\expo\node_modules\@expo\cli\src\start\platforms\android\gradle.ts:83:16)
    at runAndroidAsync 
(D:\Projects\Swiftride\android\node_modules\expo\node_modules\@expo\cli\src\run\android\runAndroidAsync.ts:62:24)
